chunk_index,size_bytes,size_gb
0,1138495971,1.0603
1,861274968,0.8021
2,817945431,0.7618
3,789965648,0.7357
4,564609972,0.5258
5,794474155,0.7399
6,714032550,0.6650
7,668228366,0.6223
8,674688483,0.6284
9,491384877,0.4576
10,576295145,0.5367
11,561536434,0.5230
12,539364715,0.5023
13,464641919,0.4327
14,422636716,0.3936
15,504466307,0.4698
16,460945128,0.4293
17,385125035,0.3587
18,433241240,0.4035
19,445124983,0.4146
20,402864763,0.3752
21,280745420,0.2615
22,386330139,0.3598
23,385731586,0.3592
24,351213166,0.3271
25,307121864,0.2860
26,312919585,0.2914
27,339551737,0.3162
28,357419014,0.3329
29,338181209,0.3150
30,396840376,0.3696
31,331148156,0.3084
32,281923304,0.2626
33,329062591,0.3065
34,309013583,0.2878
35,397170932,0.3699
36,403464638,0.3758
37,362002434,0.3371
38,342082732,0.3186
39,351520097,0.3274
40,324641737,0.3023
41,280174840,0.2609
42,310252302,0.2889
43,298707066,0.2782
44,258852513,0.2411
45,248596105,0.2315
46,322743172,0.3006
47,323713307,0.3015
48,300193145,0.2796
49,298697928,0.2782
50,287796450,0.2680
51,169403869,0.1578
52,248968734,0.2319
53,324077601,0.3018
54,269644831,0.2511
55,313206366,0.2917
56,274177544,0.2553
57,256057711,0.2385
58,305235764,0.2843
59,279194560,0.2600
60,278177219,0.2591
61,306408991,0.2854
62,302859245,0.2821
63,267108671,0.2488
64,217898992,0.2029
65,222944539,0.2076
66,299230641,0.2787
67,313126210,0.2916
68,313642093,0.2921
69,265684980,0.2474
70,210018081,0.1956
71,255738110,0.2382
72,249964603,0.2328
73,146292906,0.1362
74,280940304,0.2616
75,284965633,0.2654
76,209233480,0.1949
77,183351478,0.1708
78,236538463,0.2203
79,228549913,0.2129
80,248707002,0.2316
81,287684068,0.2679
82,241650685,0.2251
83,227409432,0.2118
84,202058224,0.1882
85,248538515,0.2315
86,185839517,0.1731
87,236743842,0.2205
88,269450870,0.2509
89,59895635,0.0558
90,89132261,0.0830
91,90781439,0.0845
92,43541873,0.0406
93,52026858,0.0485
94,49266816,0.0459
95,40788126,0.0380
96,47059180,0.0438
97,51338459,0.0478
98,81530214,0.0759
99,111321405,0.1037
100,124245608,0.1157
101,115988387,0.1080
102,133555862,0.1244
103,35724895,0.0333
104,65285980,0.0608
105,44559904,0.0415
106,28776266,0.0268
107,31107495,0.0290
108,64746342,0.0603
109,185937090,0.1732
110,119484020,0.1113
111,151426651,0.1410
112,112201234,0.1045
113,134104150,0.1249
114,172691542,0.1608
115,195597253,0.1822
116,189196235,0.1762
117,143784213,0.1339
118,181796460,0.1693
119,191641374,0.1785
120,198570942,0.1849
121,186699485,0.1739
122,239723082,0.2233
123,190579926,0.1775
124,194320565,0.1810
125,273379099,0.2546
126,231034229,0.2152
127,177809974,0.1656
128,194855825,0.1815
129,112187734,0.1045
130,126878109,0.1182
131,121599345,0.1132
132,150836317,0.1405
133,127903153,0.1191
134,102157630,0.0951
135,92200573,0.0859
136,67421587,0.0628
137,97438793,0.0907
138,101473307,0.0945
139,134649620,0.1254
140,79332792,0.0739
141,68214344,0.0635
142,80783170,0.0752
143,77436522,0.0721
144,80764005,0.0752
145,88645635,0.0826
146,68631947,0.0639
147,62835423,0.0585
148,60534387,0.0564
149,70412780,0.0656
150,87597533,0.0816
151,103290855,0.0962
152,120132075,0.1119
153,68168903,0.0635
154,85342725,0.0795
155,115584871,0.1076
156,147124914,0.1370
157,189717410,0.1767
158,162059617,0.1509
159,125071470,0.1165
160,238939138,0.2225
161,142091858,0.1323
162,134396857,0.1252
163,164397215,0.1531
164,154659105,0.1440
165,178747593,0.1665
166,256763520,0.2391
167,198853101,0.1852
168,254466698,0.2370
169,164157271,0.1529
170,145475627,0.1355
171,222838332,0.2075
172,208991230,0.1946
173,123539128,0.1151
174,181390516,0.1689
175,188753359,0.1758
176,174114374,0.1622
177,141591299,0.1319
178,189957392,0.1769
179,182588185,0.1700
180,184812040,0.1721
181,160119890,0.1491
182,76473085,0.0712
183,106468383,0.0992
184,96552795,0.0899
185,196842336,0.1833
186,175260343,0.1632
187,160351114,0.1493
188,178038276,0.1658
189,118789628,0.1106
190,186394630,0.1736
191,186914869,0.1741
192,148219803,0.1380
193,82712527,0.0770
194,91161494,0.0849
195,60180659,0.0560
196,81079916,0.0755
197,95885822,0.0893
198,132281516,0.1232
199,80840896,0.0753
200,75426313,0.0702
201,153535638,0.1430
202,147283936,0.1372
203,174824558,0.1628
204,228931841,0.2132
205,193095354,0.1798
206,103794500,0.0967
207,110747973,0.1031
208,60092367,0.0560
209,76321193,0.0711
210,144707447,0.1348
211,116078259,0.1081
212,175450275,0.1634
213,166568035,0.1551
214,121624464,0.1133
215,178812277,0.1665
216,213522196,0.1989
217,134056411,0.1248
218,122760552,0.1143
219,94045451,0.0876
220,199983363,0.1862
221,163775088,0.1525
222,160030263,0.1490
223,107747187,0.1003
224,109421283,0.1019
225,158481871,0.1476
226,134509517,0.1253
227,68037589,0.0634
228,101370447,0.0944
229,100462392,0.0936
230,83173694,0.0775
231,75638091,0.0704
232,81857130,0.0762
233,106480754,0.0992
234,41704203,0.0388
235,64305199,0.0599
236,149839503,0.1395
237,90310857,0.0841
238,52533597,0.0489
239,42516300,0.0396
240,57192480,0.0533
241,68376338,0.0637
242,105003655,0.0978
243,117775517,0.1097
244,128417243,0.1196
245,116831219,0.1088
246,110806856,0.1032
247,155118764,0.1445
248,154592371,0.1440
249,105503817,0.0983
250,132857551,0.1237
251,126098955,0.1174
252,68341232,0.0636
253,74412378,0.0693
254,103078352,0.0960
255,87513060,0.0815
256,126721706,0.1180
257,75788061,0.0706
258,71208791,0.0663
259,80643064,0.0751
260,84981491,0.0791
261,110534460,0.1029
262,80217764,0.0747
263,39818687,0.0371
264,34974487,0.0326
265,43729561,0.0407
266,55892337,0.0521
267,31844275,0.0297
268,70761742,0.0659
269,133578910,0.1244
270,74638520,0.0695
271,89527456,0.0834
272,74428624,0.0693
273,69559727,0.0648
274,126709588,0.1180
275,126792450,0.1181
276,159619220,0.1487
277,157583851,0.1468
278,153211645,0.1427
279,119568512,0.1114
280,189496082,0.1765
281,133177905,0.1240
282,109669221,0.1021
283,154109713,0.1435
284,192672104,0.1794
285,201287224,0.1875
286,126225027,0.1176
287,180207566,0.1678
288,155683363,0.1450
289,173360088,0.1615
290,110675930,0.1031
291,81136969,0.0756
292,75231284,0.0701
293,74308573,0.0692
294,79415063,0.0740
295,99667360,0.0928
296,115199976,0.1073
297,123444638,0.1150
298,71286481,0.0664
299,114318126,0.1065
300,143008847,0.1332
301,98722846,0.0919
302,168651903,0.1571
303,88228109,0.0822
304,162607049,0.1514
305,128482461,0.1197
306,93889872,0.0874
307,102688550,0.0956
308,67714034,0.0631
309,86252610,0.0803
310,69988912,0.0652
311,59319448,0.0552
312,77276934,0.0720
313,79459773,0.0740
314,70692485,0.0658
315,83105652,0.0774
316,51297632,0.0478
317,64472087,0.0600
318,68258608,0.0636
319,40066663,0.0373
320,38807764,0.0361
321,36386062,0.0339
322,45801447,0.0427
323,48538890,0.0452
324,30692603,0.0286
325,92905992,0.0865
326,137729084,0.1283
327,94182103,0.0877
328,86978750,0.0810
329,90581210,0.0844
330,78276119,0.0729
331,73649438,0.0686
332,52268704,0.0487
333,101649237,0.0947
334,105186874,0.0980
335,101571095,0.0946
336,145569014,0.1356
337,150317880,0.1400
338,154272096,0.1437
339,93391448,0.0870
340,114253992,0.1064
341,170930717,0.1592
342,179625269,0.1673
343,140961429,0.1313
344,176383020,0.1643
345,155115037,0.1445
346,121095187,0.1128
347,71542033,0.0666
348,64054117,0.0597
349,69155339,0.0644
350,124940695,0.1164
351,156594257,0.1458
352,197869315,0.1843
353,175974131,0.1639
354,158424636,0.1475
355,75821009,0.0706
356,70842591,0.0660
357,84083903,0.0783
358,91066099,0.0848
359,86606983,0.0807
360,88167334,0.0821
361,59353037,0.0553
362,66816298,0.0622
363,69769295,0.0650
364,81795144,0.0762
365,140840727,0.1312
366,142850558,0.1330
367,160178341,0.1492
368,125643581,0.1170
369,174170733,0.1622
370,187428614,0.1746
371,89494788,0.0833
372,183060238,0.1705
373,104184765,0.0970
374,87468331,0.0815
375,149172512,0.1389
376,124917811,0.1163
377,166590272,0.1551
378,131206287,0.1222
379,163680248,0.1524
380,170792856,0.1591
381,142378867,0.1326
382,107616299,0.1002
383,138093174,0.1286
384,133794113,0.1246
385,132541317,0.1234
386,143256797,0.1334
387,155033549,0.1444
388,176750322,0.1646
389,173813802,0.1619
390,182565925,0.1700
391,151675638,0.1413
392,159941701,0.1490
393,152225245,0.1418
394,111725970,0.1041
395,123130616,0.1147
396,148717530,0.1385
397,173679876,0.1618
398,160824308,0.1498
399,109221358,0.1017
400,88746717,0.0827
401,108697646,0.1012
402,49736053,0.0463
403,56274258,0.0524
404,95033281,0.0885
405,91485545,0.0852
406,161607430,0.1505
407,162695829,0.1515
408,171812472,0.1600
409,74724382,0.0696
410,69195142,0.0644
411,41185587,0.0384
412,105453329,0.0982
413,72088804,0.0671
414,48553546,0.0452
415,47076487,0.0438
416,43810515,0.0408
417,95340201,0.0888
418,60863908,0.0567
419,89368413,0.0832
420,122227559,0.1138
421,114235024,0.1064
422,144983963,0.1350
423,70808983,0.0659
424,71858840,0.0669
425,107180691,0.0998
426,108702727,0.1012
427,150187148,0.1399
428,135580914,0.1263
429,108271295,0.1008
430,90557499,0.0843
431,68621881,0.0639
432,48539116,0.0452
433,138964023,0.1294
434,75183969,0.0700
435,51119128,0.0476
436,29720023,0.0277
437,92467141,0.0861
438,76589921,0.0713
439,80895583,0.0753
440,38195841,0.0356
441,62373158,0.0581
442,78312616,0.0729
443,81923516,0.0763
444,128396130,0.1196
445,57267998,0.0533
446,98782345,0.0920
447,62786251,0.0585
448,72776401,0.0678
449,104298744,0.0971
450,82078848,0.0764
451,61237630,0.0570
452,85820483,0.0799
453,75837491,0.0706
454,67354374,0.0627
455,102258404,0.0952
456,90596138,0.0844
457,72250366,0.0673
458,103651235,0.0965
459,85868294,0.0800
460,78140955,0.0728
461,80524581,0.0750
462,67135251,0.0625
463,67156427,0.0625
464,63405257,0.0591
465,91346909,0.0851
466,119704028,0.1115
467,107329543,0.1000
468,106783175,0.0994
469,92237907,0.0859
470,98979719,0.0922
471,100509145,0.0936
472,103181062,0.0961
473,89395935,0.0833
474,87686551,0.0817
475,87914332,0.0819
476,103592883,0.0965
477,78156946,0.0728
478,65789019,0.0613
479,78381244,0.0730
480,76534220,0.0713
481,77811985,0.0725
482,88497792,0.0824
483,71018322,0.0661
484,77430588,0.0721
485,76688473,0.0714
486,75554094,0.0704
487,68737256,0.0640
488,88713135,0.0826
489,78825096,0.0734
490,72415617,0.0674
491,60361755,0.0562
492,61235429,0.0570
493,71273579,0.0664
494,90372209,0.0842
495,72771307,0.0678
496,78155033,0.0728
497,96931086,0.0903
498,73407462,0.0684
499,62909417,0.0586
500,90016630,0.0838
501,91021038,0.0848
502,89741626,0.0836
503,72429393,0.0675
504,72640353,0.0677
505,65474793,0.0610
506,72576184,0.0676
507,67084683,0.0625
508,70628012,0.0658
509,84612748,0.0788
510,59246120,0.0552
511,69498717,0.0647
512,57608141,0.0537
513,61408456,0.0572
514,72240225,0.0673
515,75477707,0.0703
516,56691800,0.0528
517,51105489,0.0476
518,53804212,0.0501
519,53171841,0.0495
520,49767566,0.0463
521,55752653,0.0519
522,46582577,0.0434
523,49467265,0.0461
524,44715467,0.0416
525,50921192,0.0474
526,56475075,0.0526
527,94512569,0.0880
528,79360559,0.0739
529,82812308,0.0771
530,78489877,0.0731
531,78782062,0.0734
532,72934699,0.0679
533,84147146,0.0784
534,72871854,0.0679
535,83712266,0.0780
536,76659517,0.0714
537,94602372,0.0881
538,85676947,0.0798
539,81857785,0.0762
540,93414420,0.0870
541,91015712,0.0848
542,86198987,0.0803
543,94454582,0.0880
544,88575883,0.0825
545,82630063,0.0770
546,114978683,0.1071
547,128587732,0.1198
548,113069999,0.1053
549,107352809,0.1000
550,80495498,0.0750
551,86458117,0.0805
552,84454020,0.0787
553,81772015,0.0762
554,86338547,0.0804
555,89412559,0.0833
556,102684059,0.0956
557,90315761,0.0841
558,92586615,0.0862
559,96557812,0.0899
560,95972979,0.0894
561,98101025,0.0914
562,97366511,0.0907
563,94636969,0.0881
564,101483598,0.0945
565,106911664,0.0996
566,110754122,0.1031
567,96420426,0.0898
568,96390724,0.0898
569,99340006,0.0925
570,97762695,0.0910
571,98375668,0.0916
572,100142427,0.0933
573,104354539,0.0972
574,104523552,0.0973
575,99876245,0.0930
576,100694865,0.0938
577,100895384,0.0940
578,108245043,0.1008
579,100724784,0.0938
580,93921465,0.0875
581,102539838,0.0955
582,105840814,0.0986
583,105412038,0.0982
584,98024323,0.0913
585,96843227,0.0902
586,94858152,0.0883
587,100405677,0.0935
588,113019433,0.1053
589,82902586,0.0772
590,88304436,0.0822
591,107787518,0.1004
592,104352613,0.0972
593,107293410,0.0999
594,105624899,0.0984
595,106052542,0.0988
596,106287215,0.0990
597,111451918,0.1038
598,108865838,0.1014
599,109039072,0.1016
600,109541769,0.1020
601,111607134,0.1039
602,104866157,0.0977
603,115625800,0.1077
604,144501349,0.1346
605,105419383,0.0982
606,103297489,0.0962
607,90244770,0.0840
608,99309465,0.0925
609,123303730,0.1148
610,122959342,0.1145
611,136737543,0.1273
612,136638964,0.1273
613,134297570,0.1251
614,67513769,0.0629
615,178046922,0.1658
616,176163811,0.1641
617,169239530,0.1576
618,90121636,0.0839
619,88277479,0.0822
620,132316821,0.1232
621,118123866,0.1100
622,127986822,0.1192
623,114606996,0.1067
624,72982792,0.0680
625,20407298,0.0190
626,126802939,0.1181
627,117399771,0.1093
628,88393931,0.0823
629,79242024,0.0738
630,129802984,0.1209
631,135023264,0.1258
632,106107903,0.0988
633,91780661,0.0855
634,113903434,0.1061
635,111170788,0.1035
636,99731824,0.0929
637,103065035,0.0960
638,135145848,0.1259
639,53889055,0.0502
640,72765830,0.0678
641,124264156,0.1157
642,123276436,0.1148
643,104327958,0.0972
644,98551917,0.0918
645,117630895,0.1096
646,87533272,0.0815
647,98616565,0.0918
648,122827612,0.1144
649,113335218,0.1056
650,99517716,0.0927
651,104516169,0.0973
652,96530501,0.0899
653,120138046,0.1119
654,112492182,0.1048
655,103214371,0.0961
656,105930646,0.0987
657,76804260,0.0715
658,73917604,0.0688
659,84482524,0.0787
660,90006437,0.0838
661,94090592,0.0876
662,144695411,0.1348
663,141912878,0.1322
664,148973246,0.1387
665,72316427,0.0673
666,109917468,0.1024
667,64908346,0.0605
668,71986081,0.0670
669,105494413,0.0982
670,114321188,0.1065
671,134807713,0.1255
672,163352569,0.1521
673,117176961,0.1091
674,126842199,0.1181
675,95888901,0.0893
676,97911737,0.0912
677,105533367,0.0983
678,131386261,0.1224
679,143240953,0.1334
680,145765949,0.1358
681,142262882,0.1325
682,144351486,0.1344
683,130364587,0.1214
684,107305372,0.0999
685,105908965,0.0986
686,98497120,0.0917
687,135370799,0.1261
688,110856440,0.1032
689,119504222,0.1113
690,79466955,0.0740
691,50426681,0.0470
692,57361239,0.0534
693,66547252,0.0620
694,108915172,0.1014
695,99521618,0.0927
696,95757425,0.0892
697,95409294,0.0889
698,125218037,0.1166
699,106135006,0.0988
700,121393487,0.1131
701,139577676,0.1300
702,34229526,0.0319
703,43032129,0.0401
704,42998846,0.0400
705,134060937,0.1249
706,121647654,0.1133
707,119261081,0.1111
708,120500779,0.1122
709,154084311,0.1435
710,138547341,0.1290
711,134640958,0.1254
712,123729495,0.1152
713,108517525,0.1011
714,133054116,0.1239
715,88259639,0.0822
716,111400791,0.1038
717,135013105,0.1257
718,141333788,0.1316
719,134269175,0.1250
720,124115821,0.1156
721,104516875,0.0973
722,133123719,0.1240
723,122730998,0.1143
724,130475828,0.1215
725,109987244,0.1024
726,118890083,0.1107
727,105081897,0.0979
728,103865983,0.0967
729,101409709,0.0944
730,124174950,0.1156
731,139899219,0.1303
732,171731979,0.1599
733,258936924,0.2412
734,141271306,0.1316
735,132431914,0.1233
736,133403385,0.1242
737,120707519,0.1124
738,135468807,0.1262
739,122314207,0.1139
740,130084965,0.1212
741,134196418,0.1250
742,107782440,0.1004
743,129682854,0.1208
744,94045874,0.0876
745,69046375,0.0643
746,92812452,0.0864
747,97928847,0.0912
748,120666627,0.1124
749,102388101,0.0954
750,135244446,0.1260
751,125248039,0.1166
752,128928673,0.1201
753,98001763,0.0913
754,107885907,0.1005
755,69704308,0.0649
756,72341385,0.0674
757,102761394,0.0957
758,60439193,0.0563
759,54977275,0.0512
760,88712390,0.0826
761,75482133,0.0703
762,78358413,0.0730
763,115025008,0.1071
764,107809873,0.1004
765,122010519,0.1136
766,74402615,0.0693
767,66740315,0.0622
768,81819267,0.0762
769,85431912,0.0796
770,73842787,0.0688
771,54548187,0.0508
772,47393423,0.0441
773,98018195,0.0913
774,112166935,0.1045
775,108809781,0.1013
776,109562025,0.1020
777,88367889,0.0823
778,133435036,0.1243
779,95356293,0.0888
780,96256865,0.0896
781,108763381,0.1013
782,119631313,0.1114
783,116442936,0.1084
784,79496201,0.0740
785,68470361,0.0638
786,82781860,0.0771
787,135472998,0.1262
788,113798635,0.1060
789,127282820,0.1185
790,129976227,0.1210
791,99699316,0.0929
792,106482883,0.0992
793,100492940,0.0936
794,105810089,0.0985
795,111466880,0.1038
796,66581510,0.0620
797,87631897,0.0816
798,117993600,0.1099
799,128175186,0.1194
800,85566284,0.0797
801,131172434,0.1222
802,120335290,0.1121
803,113409226,0.1056
804,92725720,0.0864
805,83011585,0.0773
806,65790352,0.0613
807,69187645,0.0644
808,87589290,0.0816
809,106667582,0.0993
810,53967189,0.0503
811,65786116,0.0613
812,148730324,0.1385
813,103892520,0.0968
814,103201085,0.0961
815,108682681,0.1012
816,112856986,0.1051
817,64156754,0.0598
818,75952603,0.0707
819,78539369,0.0731
820,91707651,0.0854
821,97959680,0.0912
822,107265481,0.0999
823,83709705,0.0780
824,107320246,0.0999
825,141246543,0.1315
826,95183302,0.0886
827,135336650,0.1260
828,82262929,0.0766
829,105171678,0.0979
830,85707006,0.0798
831,76384179,0.0711
832,108669403,0.1012
833,118432006,0.1103
834,60831337,0.0567
835,97259290,0.0906
836,121888983,0.1135
837,127246520,0.1185
838,128830920,0.1200
839,125837218,0.1172
840,90915951,0.0847
841,98636456,0.0919
842,56308607,0.0524
843,62583019,0.0583
844,79858552,0.0744
845,80755798,0.0752
846,126796420,0.1181
847,85155915,0.0793
848,116634719,0.1086
849,89110219,0.0830
850,92036842,0.0857
851,95591626,0.0890
852,69602444,0.0648
853,53284158,0.0496
854,80731563,0.0752
855,63107493,0.0588
856,36880412,0.0343
857,36166017,0.0337
858,42912931,0.0400
859,46331152,0.0431
860,52302544,0.0487
861,49078434,0.0457
862,64192844,0.0598
863,69651560,0.0649
864,61161273,0.0570
865,33967235,0.0316
866,54113053,0.0504
867,96973715,0.0903
868,60730982,0.0566
869,78958972,0.0735
870,59900064,0.0558
871,71762987,0.0668
872,66981413,0.0624
873,122216119,0.1138
874,37707951,0.0351
875,31684155,0.0295
876,43551198,0.0406
877,27971663,0.0261
878,66973129,0.0624
879,107641473,0.1002
880,100663191,0.0937
881,78118850,0.0728
882,76393313,0.0711
883,41541563,0.0387
884,43887272,0.0409
885,96416562,0.0898
886,188104489,0.1752
887,116455961,0.1085
888,87782889,0.0818
889,105383095,0.0981
890,78455286,0.0731
891,60691230,0.0565
892,74957868,0.0698
893,53821053,0.0501
894,72300073,0.0673
895,86585816,0.0806
896,53230992,0.0496
897,50258567,0.0468
898,82315253,0.0767
899,111912485,0.1042
900,109320347,0.1018
901,84257712,0.0785
902,126517666,0.1178
903,98015589,0.0913
904,72846595,0.0678
905,65669420,0.0612
906,67777430,0.0631
907,76615293,0.0714
908,80292113,0.0748
909,90690456,0.0845
910,86951101,0.0810
911,106314057,0.0990
912,100761491,0.0938
913,81012715,0.0754
914,62739775,0.0584
915,32883282,0.0306
916,34508848,0.0321
917,76653791,0.0714
918,88417010,0.0823
919,89876807,0.0837
920,81028481,0.0755
921,95752117,0.0892
922,250250878,0.2331
923,223184970,0.2079
924,160049833,0.1491
925,124313509,0.1158
926,37603423,0.0350
927,33503340,0.0312
928,66175062,0.0616
929,88305685,0.0822
930,90309207,0.0841
931,491580214,0.4578
932,1043514561,0.9718
933,842309357,0.7845
934,805603155,0.7503
935,737960456,0.6873
936,627786546,0.5847
937,790242322,0.7360
938,650792239,0.6061
939,736511814,0.6859
940,505327115,0.4706
941,530260842,0.4938
942,662260337,0.6168
943,503507819,0.4689
944,525889287,0.4898
945,425200143,0.3960
946,420718026,0.3918
947,525274384,0.4892
948,414724083,0.3862
949,405630544,0.3778
950,434945094,0.4051
951,426111473,0.3968
952,364756430,0.3397
953,337158363,0.3140
954,377314346,0.3514
955,410321124,0.3821
956,314405720,0.2928
957,290487879,0.2705
958,332399616,0.3096
959,346304378,0.3225
960,336860151,0.3137
961,361890660,0.3370
962,375802330,0.3500
963,275373716,0.2565
964,334431471,0.3115
965,327005247,0.3045
966,344062791,0.3204
967,429998129,0.4005
968,349532554,0.3255
969,388879285,0.3622
970,357597410,0.3330
971,340310652,0.3169
972,325462573,0.3031
973,277243314,0.2582
974,340161049,0.3168
975,299151586,0.2786
976,256821290,0.2392
977,302131938,0.2814
978,331156887,0.3084
979,322250597,0.3001
980,303941916,0.2831
981,295802693,0.2755
982,254165604,0.2367
983,171114511,0.1594
984,313411355,0.2919
985,303800768,0.2829
986,290415750,0.2705
987,291396038,0.2714
988,310961147,0.2896
989,257854661,0.2401
990,315867691,0.2942
991,313307171,0.2918
992,291243872,0.2712
993,332500932,0.3097
994,274899598,0.2560
995,241765556,0.2252
996,208264971,0.1940
997,287962794,0.2682
998,295131075,0.2749
999,340151619,0.3168
1000,276083434,0.2571
1001,193524824,0.1802
1002,272664589,0.2539
1003,274155760,0.2553
1004,169799139,0.1581
1005,224287369,0.2089
1006,309481631,0.2882
1007,240770667,0.2242
1008,194509825,0.1812
1009,221524895,0.2063
1010,261237496,0.2433
1011,222095347,0.2068
1012,295155060,0.2749
1013,245596194,0.2287
1014,249285568,0.2322
1015,226198455,0.2107
1016,231220032,0.2153
1017,227130520,0.2115
1018,221833222,0.2066
1019,275798613,0.2569
1020,136107238,0.1268
1021,82555909,0.0769
1022,79602177,0.0741
1023,72205731,0.0672
1024,49264571,0.0459
1025,55815578,0.0520
1026,41668338,0.0388
1027,47920088,0.0446
1028,54044432,0.0503
1029,57007839,0.0531
1030,134504428,0.1253
1031,121732651,0.1134
1032,100418240,0.0935
1033,176981572,0.1648
1034,34994018,0.0326
1035,55774854,0.0519
1036,57276941,0.0533
1037,29691058,0.0277
1038,30533959,0.0284
1039,32138454,0.0299
1040,176556910,0.1644
1041,140293654,0.1307
1042,153268987,0.1427
1043,108265475,0.1008
1044,130399543,0.1214
1045,159808851,0.1488
1046,178808766,0.1665
1047,200981855,0.1872
1048,149322205,0.1391
1049,160876187,0.1498
1050,193456901,0.1802
1051,191784829,0.1786
1052,189014930,0.1760
1053,239957031,0.2235
1054,185723651,0.1730
1055,207195486,0.1930
1056,244979589,0.2282
1057,251449045,0.2342
1058,183200473,0.1706
1059,199459538,0.1858
1060,113992875,0.1062
1061,147054839,0.1370
1062,113601455,0.1058
1063,130278695,0.1213
1064,151820969,0.1414
1065,83029536,0.0773
1066,110347459,0.1028
1067,69420171,0.0647
1068,67913422,0.0632
1069,120702741,0.1124
1070,131616953,0.1226
1071,94524569,0.0880
1072,68763050,0.0640
1073,73982086,0.0689
1074,82072634,0.0764
1075,72924541,0.0679
1076,88329610,0.0823
1077,74366471,0.0693
1078,69750715,0.0650
1079,59736677,0.0556
1080,71275062,0.0664
1081,78311857,0.0729
1082,83185161,0.0775
1083,130269004,0.1213
1084,84910638,0.0791
1085,80827755,0.0753
1086,128233855,0.1194
1087,79276771,0.0738
1088,207321087,0.1931
1089,186005302,0.1732
1090,124043091,0.1155
1091,237705273,0.2214
1092,151637234,0.1412
1093,144970406,0.1350
1094,126605496,0.1179
1095,160739661,0.1497
1096,169046493,0.1574
1097,259162378,0.2414
1098,192679340,0.1794
1099,274431824,0.2556
1100,158045582,0.1472
1101,139492303,0.1299
1102,209915004,0.1955
1103,200076644,0.1863
1104,137839644,0.1284
1105,186881208,0.1740
1106,193565196,0.1803
1107,176937926,0.1648
1108,165868692,0.1545
1109,160039648,0.1490
1110,206059664,0.1919
1111,174344454,0.1624
1112,169740698,0.1581
1113,86694773,0.0807
1114,108484732,0.1010
1115,68313670,0.0636
1116,207996084,0.1937
1117,165362836,0.1540
1118,171753458,0.1600
1119,160313415,0.1493
1120,139664021,0.1301
1121,167840411,0.1563
1122,202993834,0.1891
1123,148683243,0.1385
1124,91989101,0.0857
1125,108104698,0.1007
1126,69653103,0.0649
1127,67492515,0.0629
1128,91479643,0.0852
1129,119719668,0.1115
1130,109494079,0.1020
1131,60379490,0.0562
1132,128924490,0.1201
1133,162830462,0.1516
1134,132219251,0.1231
1135,228324341,0.2126
1136,211345474,0.1968
1137,149375656,0.1391
1138,108211700,0.1008
1139,79161612,0.0737
1140,44943326,0.0419
1141,119449289,0.1112
1142,137723428,0.1283
1143,150516101,0.1402
1144,172034090,0.1602
1145,149028007,0.1388
1146,146600222,0.1365
1147,204535502,0.1905
1148,172043505,0.1602
1149,110039883,0.1025
1150,103679055,0.0966
1151,151269022,0.1409
1152,178061985,0.1658
1153,157947319,0.1471
1154,125362575,0.1168
1155,114448596,0.1066
1156,86244460,0.0803
1157,175903985,0.1638
1158,115721042,0.1078
1159,68550244,0.0638
1160,115854648,0.1079
1161,81395299,0.0758
1162,77312547,0.0720
1163,79961440,0.0745
1164,113174479,0.1054
1165,43304624,0.0403
1166,45322606,0.0422
1167,140218042,0.1306
1168,117522340,0.1095
1169,49334213,0.0459
1170,45655705,0.0425
1171,57059457,0.0531
1172,47190878,0.0439
1173,112304109,0.1046
1174,115505975,0.1076
1175,123462382,0.1150
1176,110387493,0.1028
1177,119167335,0.1110
1178,152847432,0.1424
1179,153724552,0.1432
1180,101361759,0.0944
1181,140171139,0.1305
1182,121389621,0.1131
1183,89765046,0.0836
1184,78495898,0.0731
1185,96241003,0.0896
1186,69814660,0.0650
1187,119088597,0.1109
1188,102362821,0.0953
1189,71104149,0.0662
1190,79672551,0.0742
1191,79908920,0.0744
1192,100976629,0.0940
1193,98544479,0.0918
1194,45853873,0.0427
1195,39445890,0.0367
1196,40408644,0.0376
1197,52930144,0.0493
1198,34740731,0.0324
1199,37531085,0.0350
1200,145622415,0.1356
1201,74985317,0.0698
1202,88758793,0.0827
1203,77094456,0.0718
1204,67571523,0.0629
1205,124771700,0.1162
1206,124377119,0.1158
1207,140057600,0.1304
1208,169627675,0.1580
1209,141190110,0.1315
1210,128893324,0.1200
1211,169905409,0.1582
1212,153257999,0.1427
1213,113397002,0.1056
1214,128137847,0.1193
1215,205745837,0.1916
1216,205616456,0.1915
1217,151955535,0.1415
1218,144847022,0.1349
1219,170629146,0.1589
1220,180506559,0.1681
1221,122387023,0.1140
1222,96577062,0.0899
1223,66041126,0.0615
1224,74781718,0.0696
1225,78714392,0.0733
1226,108382371,0.1009
1227,108715344,0.1012
1228,107845531,0.1004
1229,90675997,0.0844
1230,103040250,0.0960
1231,141523769,0.1318
1232,99990046,0.0931
1233,162608267,0.1514
1234,102162536,0.0951
1235,142883945,0.1331
1236,125811861,0.1172
1237,104997793,0.0978
1238,92688118,0.0863
1239,82885815,0.0772
1240,89804771,0.0836
1241,68090773,0.0634
1242,57187218,0.0533
1243,76982974,0.0717
1244,79286689,0.0738
1245,72601862,0.0676
1246,85632716,0.0798
1247,51277939,0.0478
1248,60610183,0.0564
1249,70413160,0.0656
1250,45884287,0.0427
1251,36058808,0.0336
1252,35343798,0.0329
1253,45108975,0.0420
1254,48725147,0.0454
1255,32774543,0.0305
1256,87926699,0.0819
1257,141172181,0.1315
1258,92219765,0.0859
1259,85798599,0.0799
1260,90474391,0.0843
1261,80576686,0.0750
1262,72660916,0.0677
1263,55242116,0.0514
1264,97564045,0.0909
1265,104555873,0.0974
1266,99048908,0.0922
1267,143958888,0.1341
1268,150688245,0.1403
1269,152170758,0.1417
1270,96142059,0.0895
1271,105084797,0.0979
1272,172816047,0.1609
1273,178273976,0.1660
1274,145275870,0.1353
1275,174096823,0.1621
1276,156027595,0.1453
1277,128319968,0.1195
1278,70351825,0.0655
1279,64381367,0.0600
1280,66743299,0.0622
1281,122694443,0.1143
1282,155224820,0.1446
1283,196402156,0.1829
1284,178001820,0.1658
1285,156598997,0.1458
1286,79002031,0.0736
1287,67505509,0.0629
1288,85674339,0.0798
1289,89387936,0.0832
1290,86496163,0.0806
1291,90480826,0.0843
1292,59798453,0.0557
1293,65885701,0.0614
1294,71996353,0.0671
1295,77313480,0.0720
1296,136060410,0.1267
1297,145713797,0.1357
1298,159892183,0.1489
1299,125769378,0.1171
1300,179299428,0.1670
1301,187840245,0.1749
1302,89892377,0.0837
1303,182680229,0.1701
1304,108404489,0.1010
1305,84942324,0.0791
1306,145209408,0.1352
1307,131425246,0.1224
1308,161462836,0.1504
1309,131703770,0.1227
1310,163868393,0.1526
1311,169295408,0.1577
1312,138007570,0.1285
1313,104469834,0.0973
1314,137929502,0.1285
1315,137195926,0.1278
1316,129411783,0.1205
1317,142532102,0.1327
1318,156393652,0.1457
1319,181044204,0.1686
1320,164879298,0.1536
1321,183264777,0.1707
1322,161413671,0.1503
1323,156470527,0.1457
1324,149296872,0.1390
1325,119540042,0.1113
1326,118146046,0.1100
1327,150968837,0.1406
1328,176476813,0.1644
1329,160074720,0.1491
1330,110934633,0.1033
1331,89153790,0.0830
1332,107492643,0.1001
1333,50229737,0.0468
1334,55574424,0.0518
1335,95456255,0.0889
1336,94339376,0.0879
1337,161067520,0.1500
1338,162151527,0.1510
1339,167932036,0.1564
1340,75408510,0.0702
1341,69822397,0.0650
1342,40544686,0.0378
1343,108680994,0.1012
1344,66300192,0.0617
1345,46121152,0.0430
1346,44205757,0.0412
1347,43847750,0.0408
1348,93331015,0.0869
1349,60267068,0.0561
1350,95006319,0.0885
1351,122086604,0.1137
1352,121094062,0.1128
1353,137580603,0.1281
1354,65793447,0.0613
1355,72699346,0.0677
1356,110200799,0.1026
1357,113449939,0.1057
1358,143939247,0.1341
1359,134383488,0.1252
1360,104377567,0.0972
1361,88986475,0.0829
1362,67853801,0.0632
1363,52093336,0.0485
1364,143637736,0.1338
1365,68397482,0.0637
1366,46378859,0.0432
1367,29653601,0.0276
1368,95980263,0.0894
1369,79148191,0.0737
1370,77507747,0.0722
1371,36859239,0.0343
1372,67943856,0.0633
1373,77179031,0.0719
1374,86235150,0.0803
1375,113565063,0.1058
1376,66356007,0.0618
1377,100191466,0.0933
1378,58277540,0.0543
1379,84310853,0.0785
1380,104768787,0.0976
1381,64092529,0.0597
1382,64319503,0.0599
1383,87158417,0.0812
1384,70861094,0.0660
1385,71223737,0.0663
1386,93930626,0.0875
1387,89392678,0.0833
1388,86892867,0.0809
1389,99903196,0.0930
1390,88751712,0.0827
1391,84549178,0.0787
1392,76768748,0.0715
1393,61697525,0.0575
1394,65144292,0.0607
1395,61596125,0.0574
1396,108484561,0.1010
1397,117962625,0.1099
1398,104378339,0.0972
1399,103069323,0.0960
1400,93719870,0.0873
1401,101780713,0.0948
1402,101342557,0.0944
1403,98578400,0.0918
1404,89514144,0.0834
1405,86078730,0.0802
1406,89517356,0.0834
1407,102122228,0.0951
1408,74567975,0.0694
1409,72005924,0.0671
1410,81315024,0.0757
1411,73091761,0.0681
1412,79292537,0.0738
1413,82963968,0.0773
1414,68210342,0.0635
1415,81226390,0.0756
1416,78754682,0.0733
1417,69285269,0.0645
1418,76374096,0.0711
1419,93776138,0.0873
1420,77034755,0.0717
1421,69621577,0.0648
1422,56129639,0.0523
1423,60014810,0.0559
1424,75369194,0.0702
1425,87834418,0.0818
1426,77613269,0.0723
1427,69727052,0.0649
1428,102555140,0.0955
1429,68885659,0.0642
1430,65117058,0.0606
1431,94512178,0.0880
1432,86561577,0.0806
1433,88812563,0.0827
1434,76743838,0.0715
1435,68398233,0.0637
1436,69397277,0.0646
1437,68964111,0.0642
1438,69074795,0.0643
1439,71146874,0.0663
1440,80181535,0.0747
1441,64713139,0.0603
1442,62996675,0.0587
1443,57021969,0.0531
1444,66434465,0.0619
1445,68071786,0.0634
1446,71345176,0.0664
1447,58226966,0.0542
1448,49781014,0.0464
1449,54472907,0.0507
1450,53182835,0.0495
1451,50031639,0.0466
1452,53217176,0.0496
1453,47702059,0.0444
1454,47534465,0.0443
1455,44301665,0.0413
1456,51278029,0.0478
1457,54245964,0.0505
1458,101502111,0.0945
1459,83950196,0.0782
1460,81619120,0.0760
1461,72174788,0.0672
1462,78115865,0.0728
1463,73930925,0.0689
1464,83991449,0.0782
1465,79492724,0.0740
1466,84906282,0.0791
1467,77042142,0.0718
1468,84291001,0.0785
1469,90252265,0.0841
1470,83144180,0.0774
1471,94323832,0.0878
1472,88022258,0.0820
1473,88376954,0.0823
1474,93206475,0.0868
1475,85957779,0.0801
1476,84415176,0.0786
1477,125251150,0.1166
1478,138288471,0.1288
1479,101697935,0.0947
1480,105958002,0.0987
1481,75870858,0.0707
1482,82532628,0.0769
1483,83925004,0.0782
1484,79385535,0.0739
1485,93816240,0.0874
1486,94326461,0.0878
1487,97307464,0.0906
1488,91380121,0.0851
1489,96423468,0.0898
1490,94370301,0.0879
1491,98192220,0.0914
1492,93364053,0.0870
1493,104125160,0.0970
1494,93139317,0.0867
1495,108358528,0.1009
1496,108569587,0.1011
1497,104300993,0.0971
1498,96154170,0.0896
1499,99828288,0.0930
1500,98912391,0.0921
1501,98729229,0.0919
1502,99017265,0.0922
1503,97440237,0.0907
1504,104642898,0.0975
1505,97385227,0.0907
1506,103145054,0.0961
1507,101518427,0.0945
1508,104156689,0.0970
1509,106962986,0.0996
1510,97132643,0.0905
1511,98090160,0.0914
1512,102871391,0.0958
1513,106720573,0.0994
1514,99358660,0.0925
1515,96184626,0.0896
1516,93368032,0.0870
1517,96550803,0.0899
1518,101877237,0.0949
1519,114854930,0.1070
1520,61056923,0.0569
1521,108651551,0.1012
1522,108751416,0.1013
1523,105178554,0.0980
1524,102994502,0.0959
1525,105312067,0.0981
1526,106170955,0.0989
1527,107067344,0.0997
1528,109261341,0.1018
1529,112985113,0.1052
1530,106977210,0.0996
1531,110527029,0.1029
1532,107903603,0.1005
1533,112685177,0.1049
1534,110185176,0.1026
1535,137542726,0.1281
1536,119169179,0.1110
1537,90204837,0.0840
1538,86739574,0.0808
1539,103671818,0.0966
1540,121825194,0.1135
1541,132059039,0.1230
1542,131250153,0.1222
1543,157139457,0.1463
1544,90678251,0.0845
1545,85302767,0.0794
1546,200547404,0.1868
1547,174062635,0.1621
1548,141150060,0.1315
1549,88822161,0.0827
1550,99919253,0.0931
1551,128964455,0.1201
1552,119733277,0.1115
1553,129163224,0.1203
1554,109787743,0.1022
1555,46200355,0.0430
1556,28848650,0.0269
1557,142647840,0.1329
1558,110228025,0.1027
1559,97965037,0.0912
1560,80825108,0.0753
1561,129739284,0.1208
1562,124937163,0.1164
1563,106204241,0.0989
1564,86871106,0.0809
1565,123193089,0.1147
1566,96877536,0.0902
1567,106988947,0.0996
1568,110420015,0.1028
1569,137933919,0.1285
1570,45951264,0.0428
1571,78200231,0.0728
1572,141149863,0.1315
1573,108232193,0.1008
1574,108176319,0.1007
1575,114942634,0.1070
1576,99681746,0.0928
1577,89979270,0.0838
1578,111203262,0.1036
1579,119195127,0.1110
1580,105468552,0.0982
1581,102186793,0.0952
1582,100991160,0.0941
1583,108618783,0.1012
1584,116874882,0.1088
1585,110079596,0.1025
1586,103415879,0.0963
1587,108285193,0.1008
1588,65954314,0.0614
1589,70654530,0.0658
1590,85821665,0.0799
1591,78894613,0.0735
1592,132317685,0.1232
1593,140416124,0.1308
1594,146217762,0.1362
1595,124102218,0.1156
1596,69891945,0.0651
1597,104682397,0.0975
1598,70476961,0.0656
1599,76532707,0.0713
1600,111136060,0.1035
1601,128532619,0.1197
1602,140867238,0.1312
1603,154801442,0.1442
1604,109079657,0.1016
1605,115371964,0.1074
1606,100053202,0.0932
1607,95450637,0.0889
1608,111057260,0.1034
1609,143533850,0.1337
1610,138442924,0.1289
1611,154843935,0.1442
1612,136746100,0.1274
1613,146910959,0.1368
1614,119905881,0.1117
1615,114456970,0.1066
1616,88919017,0.0828
1617,127072877,0.1183
1618,122211911,0.1138
1619,108305912,0.1009
1620,103631702,0.0965
1621,67514755,0.0629
1622,54060630,0.0503
1623,51921316,0.0484
1624,92297171,0.0860
1625,108659621,0.1012
1626,81977939,0.0763
1627,99720995,0.0929
1628,124082700,0.1156
1629,107359538,0.1000
1630,111023517,0.1034
1631,124939444,0.1164
1632,105832335,0.0986
1633,42450430,0.0395
1634,37831817,0.0352
1635,78791533,0.0734
1636,132910411,0.1238
1637,123072859,0.1146
1638,116526385,0.1085
1639,128036393,0.1192
1640,153621999,0.1431
1641,134196848,0.1250
1642,132034846,0.1230
1643,111369773,0.1037
1644,127202864,0.1185
1645,104301038,0.0971
1646,100123994,0.0932
1647,118938223,0.1108
1648,137241088,0.1278
1649,142139949,0.1324
1650,126555971,0.1179
1651,115468599,0.1075
1652,113971050,0.1061
1653,123425460,0.1149
1654,119324932,0.1111
1655,114285962,0.1064
1656,142093596,0.1323
1657,117058869,0.1090
1658,91695568,0.0854
1659,97398114,0.0907
1660,124795165,0.1162
1661,126753234,0.1180
1662,145781282,0.1358
1663,193364166,0.1801
1664,241941223,0.2253
1665,118100999,0.1100
1666,158036823,0.1472
1667,113800722,0.1060
1668,138749609,0.1292
1669,116579646,0.1086
1670,120817518,0.1125
1671,135155042,0.1259
1672,135134959,0.1259
1673,114370646,0.1065
1674,108446146,0.1010
1675,83784939,0.0780
1676,73209560,0.0682
1677,99274340,0.0925
1678,110429078,0.1028
1679,91722515,0.0854
1680,131537484,0.1225
1681,123926158,0.1154
1682,132249584,0.1232
1683,112722951,0.1050
1684,128174797,0.1194
1685,70014231,0.0652
1686,54692789,0.0509
1687,98630985,0.0919
1688,93204996,0.0868
1689,43456382,0.0405
1690,74958914,0.0698
1691,77349468,0.0720
1692,69593165,0.0648
1693,93478132,0.0871
1694,118357926,0.1102
1695,117943538,0.1098
1696,100287046,0.0934
1697,58584368,0.0546
1698,82728496,0.0770
1699,79958374,0.0745
1700,93738703,0.0873
1701,57808661,0.0538
1702,52194349,0.0486
1703,67783174,0.0631
1704,110052398,0.1025
1705,111567388,0.1039
1706,111055448,0.1034
1707,91725363,0.0854
1708,106592088,0.0993
1709,131626287,0.1226
1710,83905517,0.0781
1711,100310563,0.0934
1712,118470600,0.1103
1713,126721035,0.1180
1714,100564261,0.0937
1715,68079948,0.0634
1716,67149792,0.0625
1717,128469202,0.1196
1718,118073931,0.1100
1719,121151785,0.1128
1720,136527157,0.1272
1721,106153539,0.0989
1722,108176447,0.1007
1723,107773318,0.1004
1724,90742286,0.0845
1725,138260928,0.1288
1726,61679908,0.0574
1727,81782418,0.0762
1728,91272582,0.0850
1729,133409871,0.1242
1730,84175647,0.0784
1731,130873821,0.1219
1732,116600631,0.1086
1733,111677431,0.1040
1734,121597292,0.1132
1735,68310442,0.0636
1736,87147487,0.0812
1737,57818600,0.0538
1738,78094869,0.0727
1739,99333733,0.0925
1740,82109709,0.0765
1741,51546194,0.0480
1742,116328699,0.1083
1743,127338493,0.1186
1744,88287407,0.0822
1745,129005583,0.1201
1746,93331656,0.0869
1747,104668922,0.0975
1748,61724382,0.0575
1749,63563815,0.0592
1750,100689365,0.0938
1751,89336533,0.0832
1752,96167218,0.0896
1753,119249920,0.1111
1754,82746293,0.0771
1755,132810721,0.1237
1756,126715055,0.1180
1757,100639016,0.0937
1758,106615771,0.0993
1759,90696849,0.0845
1760,85077481,0.0792
1761,104968092,0.0978
1762,84391544,0.0786
1763,123329532,0.1149
1764,89345323,0.0832
1765,73678878,0.0686
1766,117983043,0.1099
1767,131172685,0.1222
1768,117952403,0.1099
1769,126685656,0.1180
1770,107855718,0.1004
1771,95699348,0.0891
1772,67551954,0.0629
1773,55881045,0.0520
1774,81920788,0.0763
1775,59850159,0.0557
1776,118866025,0.1107
1777,127445656,0.1187
1778,78097707,0.0727
1779,93143711,0.0867
1780,111590101,0.1039
1781,85368217,0.0795
1782,76309096,0.0711
1783,58605448,0.0546
1784,57223454,0.0533
1785,89048217,0.0829
1786,40529120,0.0377
1787,33905830,0.0316
1788,39483494,0.0368
1789,46952283,0.0437
1790,41297203,0.0385
1791,59141534,0.0551
1792,57594375,0.0536
1793,62325810,0.0580
1794,65774531,0.0613
1795,43767041,0.0408
1796,37633266,0.0350
1797,102160297,0.0951
1798,63425803,0.0591
1799,72522962,0.0675
1800,64621554,0.0602
1801,72333139,0.0674
1802,72558670,0.0676
1803,92787361,0.0864
1804,85060403,0.0792
1805,30753180,0.0286
1806,47815570,0.0445
1807,25456387,0.0237
1808,61686784,0.0575
1809,80282725,0.0748
1810,110538704,0.1029
1811,90759913,0.0845
1812,74799262,0.0697
1813,44706432,0.0416
1814,45604127,0.0425
1815,63917017,0.0595
1816,188905345,0.1759
1817,119524806,0.1113
1818,98561552,0.0918
1819,102941006,0.0959
1820,87229777,0.0812
1821,52772234,0.0491
1822,76958855,0.0717
1823,62099354,0.0578
1824,54259495,0.0505
1825,92985762,0.0866
1826,64649630,0.0602
1827,42872987,0.0399
1828,63715848,0.0593
1829,117165207,0.1091
1830,104425889,0.0973
1831,93940775,0.0875
1832,104768065,0.0976
1833,124698818,0.1161
1834,68266257,0.0636
1835,72694842,0.0677
1836,60040533,0.0559
1837,80686633,0.0751
1838,72057802,0.0671
1839,93937491,0.0875
1840,89939946,0.0838
1841,96957651,0.0903
1842,109977728,0.1024
1843,75552866,0.0704
1844,82221496,0.0766
1845,33445236,0.0311
1846,34079096,0.0317
1847,55532849,0.0517
1848,95398413,0.0888
1849,78389240,0.0730
1850,93893713,0.0874
1851,88028305,0.0820
1852,192695823,0.1795
1853,257505322,0.2398
1854,117782422,0.1097
1855,193896645,0.1806
1856,50995604,0.0475
1857,38132562,0.0355
1858,46292827,0.0431
1859,109206150,0.1017
1860,64530735,0.0601
1861,71260279,0.0664
1862,1074661040,1.0009
1863,881692104,0.8211
1864,823956551,0.7674
1865,815006371,0.7590
1866,539535629,0.5025
1867,801506337,0.7465
1868,716201054,0.6670
1869,654837612,0.6099
1870,690915224,0.6435
1871,492516093,0.4587
1872,561016437,0.5225
1873,575091742,0.5356
1874,535444167,0.4987
1875,470443747,0.4381
1876,411134795,0.3829
1877,496494863,0.4624
1878,459464303,0.4279
1879,399025402,0.3716
1880,418568179,0.3898
1881,454492614,0.4233
1882,410599439,0.3824
1883,283224351,0.2638
1884,386551808,0.3600
1885,382494170,0.3562
1886,357768058,0.3332
1887,314086517,0.2925
1888,318270088,0.2964
1889,337611349,0.3144
1890,357047333,0.3325
1891,327912777,0.3054
1892,395835477,0.3687
1893,332053352,0.3092
1894,275072184,0.2562
1895,345057444,0.3214
1896,315185220,0.2935
1897,390869749,0.3640
1898,413287812,0.3849
1899,359339383,0.3347
1900,355068795,0.3307
1901,344152050,0.3205
1902,334836285,0.3118
1903,302098169,0.2814
1904,320508293,0.2985
1905,318257308,0.2964
1906,277883310,0.2588
1907,248395695,0.2313
1908,338423946,0.3152
1909,328431263,0.3059
1910,310958756,0.2896
1911,316137920,0.2944
1912,282555047,0.2631
1913,172889441,0.1610
1914,244530101,0.2277
1915,332742618,0.3099
1916,279408509,0.2602
1917,317228314,0.2954
1918,279754656,0.2605
1919,262677650,0.2446
1920,308588975,0.2874
1921,292527770,0.2724
1922,291902940,0.2719
1923,317498510,0.2957
1924,300991644,0.2803
1925,270394436,0.2518
1926,216683825,0.2018
1927,234928307,0.2188
1928,295218504,0.2749
1929,300794077,0.2801
1930,316340618,0.2946
1931,265449774,0.2472
1932,218313188,0.2033
1933,264163713,0.2460
1934,251174675,0.2339
1935,145643583,0.1356
1936,297932454,0.2775
1937,289380216,0.2695
1938,215451662,0.2007
1939,189182128,0.1762
1940,245974401,0.2291
1941,233302458,0.2173
1942,258611447,0.2409
1943,298716079,0.2782
1944,251665537,0.2344
1945,238798115,0.2224
1946,209185537,0.1948
1947,260083790,0.2422
1948,181008995,0.1686
1949,247722672,0.2307
1950,285942055,0.2663
1951,62348390,0.0581
1952,94473510,0.0880
1953,94606093,0.0881
1954,46196383,0.0430
1955,53832223,0.0501
1956,49848581,0.0464
1957,41371180,0.0385
1958,47190407,0.0439
1959,53725381,0.0500
1960,86645931,0.0807
1961,114163355,0.1063
1962,125318788,0.1167
1963,124157088,0.1156
1964,147420600,0.1373
1965,35514810,0.0331
1966,67171080,0.0626
1967,45001639,0.0419
1968,28276859,0.0263
1969,31718671,0.0295
1970,73147124,0.0681
1971,193780426,0.1805
1972,124275840,0.1157
1973,147460193,0.1373
1974,113171125,0.1054
1975,132690076,0.1236
1976,168630561,0.1570
1977,191528853,0.1784
1978,184431729,0.1718
1979,143085181,0.1333
1980,182629750,0.1701
1981,190707073,0.1776
1982,197774927,0.1842
1983,194082376,0.1808
1984,249146305,0.2320
1985,181339071,0.1689
1986,195411665,0.1820
1987,282074499,0.2627
1988,227830538,0.2122
1989,169209179,0.1576
1990,184043471,0.1714
1991,130842308,0.1219
1992,109885825,0.1023
1993,116873706,0.1088
1994,156237307,0.1455
1995,111782364,0.1041
1996,101542721,0.0946
1997,104333371,0.0972
1998,53924580,0.0502
1999,102831673,0.0958
2000,102845772,0.0958
2001,136428660,0.1271
2002,70967736,0.0661
2003,68147458,0.0635
2004,79563220,0.0741
2005,75272223,0.0701
2006,81088631,0.0755
2007,86702716,0.0807
2008,67983078,0.0633
2009,63439455,0.0591
2010,62511314,0.0582
2011,69335117,0.0646
2012,85673627,0.0798
2013,105798732,0.0985
2014,114623211,0.1068
2015,70060147,0.0652
2016,86928917,0.0810
2017,109838791,0.1023
2018,152264793,0.1418
2019,194197875,0.1809
2020,155912360,0.1452
2021,126876403,0.1182
2022,241870587,0.2253
2023,138324679,0.1288
2024,128395237,0.1196
2025,161453596,0.1504
2026,160107151,0.1491
2027,189802811,0.1768
2028,252573908,0.2352
2029,206371174,0.1922
2030,237072959,0.2208
2031,167771932,0.1562
2032,149947929,0.1396
2033,225410824,0.2099
2034,207318453,0.1931
2035,129797904,0.1209
2036,187623689,0.1747
2037,188829189,0.1759
2038,170244134,0.1586
2039,142905401,0.1331
2040,192358248,0.1791
2041,183934084,0.1713
2042,178756650,0.1665
2043,146335218,0.1363
2044,71781608,0.0669
2045,107637166,0.1002
2046,110731200,0.1031
2047,190185154,0.1771
2048,181270994,0.1688
2049,139662517,0.1301
2050,182398715,0.1699
2051,130303624,0.1214
2052,185281426,0.1726
2053,176321605,0.1642
2054,143294745,0.1335
2055,96275026,0.0897
2056,79700591,0.0742
2057,59883601,0.0558
2058,85598030,0.0797
2059,105053252,0.0978
2060,122365068,0.1140
2061,77635238,0.0723
2062,74785590,0.0696
2063,157002942,0.1462
2064,143780627,0.1339
2065,184043003,0.1714
2066,226660061,0.2111
2067,186239478,0.1734
2068,102701064,0.0956
2069,111814958,0.1041
2070,56421977,0.0525
2071,79478577,0.0740
2072,146060055,0.1360
2073,119667558,0.1114
2074,173013882,0.1611
2075,165090142,0.1538
2076,117695055,0.1096
2077,188735403,0.1758
2078,200799867,0.1870
2079,135239242,0.1260
2080,111836461,0.1042
2081,97145211,0.0905
2082,215502739,0.2007
2083,151719761,0.1413
2084,149521486,0.1393
2085,98155168,0.0914
2086,109066094,0.1016
2087,158765344,0.1479
2088,136918663,0.1275
2089,53237124,0.0496
2090,105540718,0.0983
2091,102311865,0.0953
2092,80717746,0.0752
2093,74998115,0.0698
2094,82132102,0.0765
2095,100990455,0.0941
2096,39868071,0.0371
2097,75914720,0.0707
2098,151428271,0.1410
2099,83711055,0.0780
2100,49503824,0.0461
2101,41128871,0.0383
2102,57914089,0.0539
2103,75758553,0.0706
2104,108917741,0.1014
2105,127519866,0.1188
2106,119157826,0.1110
2107,114042082,0.1062
2108,111948605,0.1043
2109,150975556,0.1406
2110,158611747,0.1477
2111,99554775,0.0927
2112,135569579,0.1263
2113,129128357,0.1203
2114,64447186,0.0600
2115,77711675,0.0724
2116,98374539,0.0916
2117,93005433,0.0866
2118,124817635,0.1162
2119,73128495,0.0681
2120,62527152,0.0582
2121,86382240,0.0804
2122,81800863,0.0762
2123,116530137,0.1085
2124,69965265,0.0652
2125,41165633,0.0383
2126,33023060,0.0308
2127,48914039,0.0456
2128,54784603,0.0510
2129,26627828,0.0248
2130,79238956,0.0738
2131,123056101,0.1146
2132,74408050,0.0693
2133,89549916,0.0834
2134,72008964,0.0671
2135,77624270,0.0723
2136,142483598,0.1327
2137,109575931,0.1021
2138,174993419,0.1630
2139,142510631,0.1327
2140,150717129,0.1404
2141,148332707,0.1381
2142,155396178,0.1447
2143,133857164,0.1247
2144,106091870,0.0988
2145,166435586,0.1550
2146,206236345,0.1921
2147,195037461,0.1816
2148,116261160,0.1083
2149,195183002,0.1818
2150,155035908,0.1444
2151,157595535,0.1468
2152,109010352,0.1015
2153,84785742,0.0790
2154,76760841,0.0715
2155,76756195,0.0715
2156,87856283,0.0818
2157,101750963,0.0948
2158,119725415,0.1115
2159,110103936,0.1025
2160,78308882,0.0729
2161,125032640,0.1164
2162,126348944,0.1177
2163,99433117,0.0926
2164,167064159,0.1556
2165,98820062,0.0920
2166,156671042,0.1459
2167,129628637,0.1207
2168,86572763,0.0806
2169,109399167,0.1019
2170,62853118,0.0585
2171,84137450,0.0784
2172,64851316,0.0604
2173,64543305,0.0601
2174,76163228,0.0709
2175,79691687,0.0742
2176,77323614,0.0720
2177,73376963,0.0683
2178,47293728,0.0440
2179,74772568,0.0696
2180,65933535,0.0614
2181,34182303,0.0318
2182,40657576,0.0379
2183,40714027,0.0379
2184,38371704,0.0357
2185,47404908,0.0441
2186,35417920,0.0330
2187,121018823,0.1127
2188,130709700,0.1217
2189,92392409,0.0860
2190,86370347,0.0804
2191,89000747,0.0829
2192,74803389,0.0697
2193,71408745,0.0665
2194,63627409,0.0593
2195,98677644,0.0919
2196,102078154,0.0951
2197,108434335,0.1010
2198,151418056,0.1410
2199,152993413,0.1425
2200,153353961,0.1428
2201,79480421,0.0740
2202,127271213,0.1185
2203,189009845,0.1760
2204,161016990,0.1500
2205,148459784,0.1383
2206,174249592,0.1623
2207,149719999,0.1394
2208,106215033,0.0989
2209,67050724,0.0624
2210,65447339,0.0610
2211,75249027,0.0701
2212,121307860,0.1130
2213,193168969,0.1799
2214,181883613,0.1694
2215,175746780,0.1637
2216,138813791,0.1293
2217,71150584,0.0663
2218,73999670,0.0689
2219,84402330,0.0786
2220,89778038,0.0836
2221,87495853,0.0815
2222,82632718,0.0770
2223,58959156,0.0549
2224,70342080,0.0655
2225,64098960,0.0597
2226,93912952,0.0875
2227,145229259,0.1353
2228,148440672,0.1382
2229,146802451,0.1367
2230,127732825,0.1190
2231,206659305,0.1925
2232,146663200,0.1366
2233,104252282,0.0971
2234,172892657,0.1610
2235,99770067,0.0929
2236,91514538,0.0852
2237,153281205,0.1428
2238,108717187,0.1013
2239,172119294,0.1603
2240,137204083,0.1278
2241,166265655,0.1548
2242,167085511,0.1556
2243,137978281,0.1285
2244,112985647,0.1052
2245,120840528,0.1125
2246,141885886,0.1321
2247,135189616,0.1259
2248,133654647,0.1245
2249,169040699,0.1574
2250,174067383,0.1621
2251,177927736,0.1657
2252,175695114,0.1636
2253,141699016,0.1320
2254,170884756,0.1591
2255,146454116,0.1364
2256,97600834,0.0909
2257,149236462,0.1390
2258,145535342,0.1355
2259,181368243,0.1689
2260,162481240,0.1513
2261,71172933,0.0663
2262,106636632,0.0993
2263,90910079,0.0847
2264,50214295,0.0468
2265,79768374,0.0743
2266,75775691,0.0706
2267,107929180,0.1005
2268,163330414,0.1521
2269,159622759,0.1487
2270,149860818,0.1396
2271,76546206,0.0713
2272,65090100,0.0606
2273,44402933,0.0414
2274,119326694,0.1111
2275,54033512,0.0503
2276,44949014,0.0419
2277,43913655,0.0409
2278,49141679,0.0458
2279,91641924,0.0853
2280,59042502,0.0550
2281,119667486,0.1114
2282,115442644,0.1075
2283,123967666,0.1155
2284,117961647,0.1099
2285,75882621,0.0707
2286,73931896,0.0689
2287,101752609,0.0948
2288,138188039,0.1287
2289,117995033,0.1099
2290,133297839,0.1241
2291,106203466,0.0989
2292,75218848,0.0701
2293,61006282,0.0568
2294,58932227,0.0549
2295,148590141,0.1384
2296,66456476,0.0619
2297,39370074,0.0367
2298,26952163,0.0251
2299,101704153,0.0947
2300,89034872,0.0829
2301,60139746,0.0560
2302,35229823,0.0328
2303,88802822,0.0827
2304,57847006,0.0539
2305,113741319,0.1059
2306,87584143,0.0816
2307,93267571,0.0869
2308,80027965,0.0745
2309,52087212,0.0485
2310,91756619,0.0855
2311,102296594,0.0953
2312,58964644,0.0549
2313,65933070,0.0614
2314,89581644,0.0834
2315,69029458,0.0643
2316,80308882,0.0748
2317,84338149,0.0785
2318,88829859,0.0827
2319,100816940,0.0939
2320,86200476,0.0803
2321,91793733,0.0855
2322,83260732,0.0775
2323,71832430,0.0669
2324,60325551,0.0562
2325,63972435,0.0596
2326,62419031,0.0581
2327,113227948,0.1055
2328,119509221,0.1113
2329,104934470,0.0977
2330,99292581,0.0925
2331,94221254,0.0878
2332,104112604,0.0970
2333,101180208,0.0942
2334,101042413,0.0941
2335,88943436,0.0828
2336,87571285,0.0816
2337,89744832,0.0836
2338,98267244,0.0915
2339,71952314,0.0670
2340,71480668,0.0666
2341,86342230,0.0804
2342,68127525,0.0634
2343,81060685,0.0755
2344,80908640,0.0754
2345,76265012,0.0710
2346,78515110,0.0731
2347,77444983,0.0721
2348,61749802,0.0575
2349,86220548,0.0803
2350,88418551,0.0823
2351,75262552,0.0701
2352,66429782,0.0619
2353,55827088,0.0520
2354,59444123,0.0554
2355,81300219,0.0757
2356,82850353,0.0772
2357,88326862,0.0823
2358,62402807,0.0581
2359,96048077,0.0895
2360,68570181,0.0639
2361,74666429,0.0695
2362,85932140,0.0800
2363,94303635,0.0878
2364,85026725,0.0792
2365,73771996,0.0687
2366,64672740,0.0602
2367,69224401,0.0645
2368,67362958,0.0627
2369,69843220,0.0650
2370,69601099,0.0648
2371,78342510,0.0730
2372,74202713,0.0691
2373,60139405,0.0560
2374,55808726,0.0520
2375,65628235,0.0611
2376,69141544,0.0644
2377,67030984,0.0624
2378,59975029,0.0559
2379,49861742,0.0464
2380,56253196,0.0524
2381,50829943,0.0473
2382,48769118,0.0454
2383,51890956,0.0483
2384,47360348,0.0441
2385,46304917,0.0431
2386,45920881,0.0428
2387,50588345,0.0471
2388,58680045,0.0547
2389,97992787,0.0913
2390,78126195,0.0728
2391,88626812,0.0825
2392,69876193,0.0651
2393,75462971,0.0703
2394,75134360,0.0700
2395,83546921,0.0778
2396,72627257,0.0676
2397,86499165,0.0806
2398,80134546,0.0746
2399,78676473,0.0733
2400,91188275,0.0849
2401,85313815,0.0795
2402,95213484,0.0887
2403,90345225,0.0841
2404,88234300,0.0822
2405,88155218,0.0821
2406,88992722,0.0829
2407,89055640,0.0829
2408,133430529,0.1243
2409,134365743,0.1251
2410,101019163,0.0941
2411,100596987,0.0937
2412,75431317,0.0703
2413,81805893,0.0762
2414,83384498,0.0777
2415,81721736,0.0761
2416,92267712,0.0859
2417,91328502,0.0851
2418,94125519,0.0877
2419,95002109,0.0885
2420,91578179,0.0853
2421,93554387,0.0871
2422,95658878,0.0891
2423,94678761,0.0882
2424,100921301,0.0940
2425,94693672,0.0882
2426,108377675,0.1009
2427,110551278,0.1030
2428,97025164,0.0904
2429,96022510,0.0894
2430,102605292,0.0956
2431,98100854,0.0914
2432,92508425,0.0862
2433,95144812,0.0886
2434,100210695,0.0933
2435,106675789,0.0993
2436,93250276,0.0868
2437,103863321,0.0967
2438,102794540,0.0957
2439,107755764,0.1004
2440,104530939,0.0974
2441,101217688,0.0943
2442,91143577,0.0849
2443,106271795,0.0990
2444,105304337,0.0981
2445,100293831,0.0934
2446,94204341,0.0877
2447,92275336,0.0859
2448,97116944,0.0904
2449,108006717,0.1006
2450,110802492,0.1032
2451,60560891,0.0564
2452,106036177,0.0988
2453,112234166,0.1045
2454,103660002,0.0965
2455,103686222,0.0966
2456,104014003,0.0969
2457,105879475,0.0986
2458,106919095,0.0996
2459,107090001,0.0997
2460,111314230,0.1037
2461,113405069,0.1056
2462,104813235,0.0976
2463,101212134,0.0943
2464,116346387,0.1084
2465,112212974,0.1045
2466,135550532,0.1262
2467,111595196,0.1039
2468,96281537,0.0897
2469,89138492,0.0830
2470,113175609,0.1054
2471,118044673,0.1099
2472,143075451,0.1332
2473,126388316,0.1177
2474,168553991,0.1570
2475,49418482,0.0460
2476,135858541,0.1265
2477,186052066,0.1733
2478,198480288,0.1848
2479,100046806,0.0932
2480,87350781,0.0814
2481,114508303,0.1066
2482,120492322,0.1122
2483,125110180,0.1165
2484,124110387,0.1156
2485,105768167,0.0985
2486,24478143,0.0228
2487,77298335,0.0720
2488,127940052,0.1192
2489,91446574,0.0852
2490,99564024,0.0927
2491,97901813,0.0912
2492,129002774,0.1201
2493,123240666,0.1148
2494,102202850,0.0952
2495,96810784,0.0902
2496,105872932,0.0986
2497,100372399,0.0935
2498,115488743,0.1076
2499,106066093,0.0988
2500,109977820,0.1024
2501,60151004,0.0560
2502,91658817,0.0854
2503,137254778,0.1278
2504,104823329,0.0976
2505,103174302,0.0961
2506,104864562,0.0977
2507,101996434,0.0950
2508,94542059,0.0880
2509,115299533,0.1074
2510,115355884,0.1074
2511,108834879,0.1014
2512,102323715,0.0953
2513,95401737,0.0888
2514,113792897,0.1060
2515,118895106,0.1107
2516,108223469,0.1008
2517,102399860,0.0954
2518,102407265,0.0954
2519,64549086,0.0601
2520,74986561,0.0698
2521,101242226,0.0943
2522,64297481,0.0599
2523,156706932,0.1459
2524,140405643,0.1308
2525,148465262,0.1383
2526,98886717,0.0921
2527,77136674,0.0718
2528,97532266,0.0908
2529,70502296,0.0657
2530,82527152,0.0769
2531,116628437,0.1086
2532,124846961,0.1163
2533,149885341,0.1396
2534,147096289,0.1370
2535,104579415,0.0974
2536,107870930,0.1005
2537,104231608,0.0971
2538,100423628,0.0935
2539,118618806,0.1105
2540,143457964,0.1336
2541,140712682,0.1310
2542,150526995,0.1402
2543,141191871,0.1315
2544,141747781,0.1320
2545,113246284,0.1055
2546,115164625,0.1073
2547,87268757,0.0813
2548,131334319,0.1223
2549,119344552,0.1111
2550,113611602,0.1058
2551,95760058,0.0892
2552,62513037,0.0582
2553,54938110,0.0512
2554,59042874,0.0550
2555,89992117,0.0838
2556,108737812,0.1013
2557,82240511,0.0766
2558,100388154,0.0935
2559,126669324,0.1180
2560,107716332,0.1003
2561,118101089,0.1100
2562,133136814,0.1240
2563,77847864,0.0725
2564,43461480,0.0405
2565,37977127,0.0354
2566,101765102,0.0948
2567,128738169,0.1199
2568,117784847,0.1097
2569,122196173,0.1138
2570,135308806,0.1260
2571,148282014,0.1381
2572,133661702,0.1245
2573,122676911,0.1143
2574,118302695,0.1102
2575,128618372,0.1198
2576,89908920,0.0837
2577,107287085,0.0999
2578,124911986,0.1163
2579,136500200,0.1271
2580,134206645,0.1250
2581,133001515,0.1239
2582,109431043,0.1019
2583,122546052,0.1141
2584,124667136,0.1161
2585,116255943,0.1083
2586,119454239,0.1113
2587,138070176,0.1286
2588,115223353,0.1073
2589,83288140,0.0776
2590,96913957,0.0903
2591,125066587,0.1165
2592,128166699,0.1194
2593,154193001,0.1436
2594,217862631,0.2029
2595,207878968,0.1936
2596,113897685,0.1061
2597,153897165,0.1433
2598,118556318,0.1104
2599,141939173,0.1322
2600,114270780,0.1064
2601,124970129,0.1164
2602,135067985,0.1258
2603,120613884,0.1123
2604,128842432,0.1200
2605,100506345,0.0936
2606,68885125,0.0642
2607,76206328,0.0710
2608,102779260,0.0957
2609,106883766,0.0995
2610,112848972,0.1051
2611,124493565,0.1159
2612,122143063,0.1138
2613,136269297,0.1269
2614,107756272,0.1004
2615,126276739,0.1176
2616,74945097,0.0698
2617,43573386,0.0406
2618,105931588,0.0987
2619,80846763,0.0753
2620,42591176,0.0397
2621,89109874,0.0830
2622,71833496,0.0669
2623,75921000,0.0707
2624,105182824,0.0980
2625,108448252,0.1010
2626,124195375,0.1157
2627,91745594,0.0854
2628,53280786,0.0496
2629,83654687,0.0779
2630,78992347,0.0736
2631,99920827,0.0931
2632,47846904,0.0446
2633,53045004,0.0494
2634,74960708,0.0698
2635,110167249,0.1026
2636,119124634,0.1109
2637,109790801,0.1023
2638,76139121,0.0709
2639,129285274,0.1204
2640,114819809,0.1069
2641,85961359,0.0801
2642,105092312,0.0979
2643,117424450,0.1094
2644,131981568,0.1229
2645,82124482,0.0765
2646,65912717,0.0614
2647,79845663,0.0744
2648,132125952,0.1231
2649,110905518,0.1033
2650,121314105,0.1130
2651,135547141,0.1262
2652,104660130,0.0975
2653,108443078,0.1010
2654,106652147,0.0993
2655,94929254,0.0884
2656,133241297,0.1241
2657,60239564,0.0561
2658,79810573,0.0743
2659,104219492,0.0971
2660,132769275,0.1237
2661,75751104,0.0705
2662,139010047,0.1295
2663,114839829,0.1070
2664,113256854,0.1055
2665,114070339,0.1062
2666,79599076,0.0741
2667,73880071,0.0688
2668,59276472,0.0552
2669,82538943,0.0769
2670,116805399,0.1088
2671,65648726,0.0611
2672,60683419,0.0565
2673,120192833,0.1119
2674,121746986,0.1134
2675,87501930,0.0815
2676,128277103,0.1195
2677,93241186,0.0868
2678,96066418,0.0895
2679,68547983,0.0638
2680,61115718,0.0569
2681,100931762,0.0940
2682,84757150,0.0789
2683,104138570,0.0970
2684,105883909,0.0986
2685,93312670,0.0869
2686,128554071,0.1197
2687,121248092,0.1129
2688,107793195,0.1004
2689,98438619,0.0917
2690,96934358,0.0903
2691,86142518,0.0802
2692,99061794,0.0923
2693,87433676,0.0814
2694,128500096,0.1197
2695,74277374,0.0692
2696,83934623,0.0782
2697,118665786,0.1105
2698,125928318,0.1173
2699,120778691,0.1125
2700,123998538,0.1155
2701,104707247,0.0975
2702,97670427,0.0910
2703,58343905,0.0543
2704,58019083,0.0540
2705,81783248,0.0762
2706,61750362,0.0575
2707,130894060,0.1219
2708,119407086,0.1112
2709,85547027,0.0797
2710,88388519,0.0823
2711,109081853,0.1016
2712,82287253,0.0766
2713,73059948,0.0680
2714,61948653,0.0577
2715,63971688,0.0596
2716,82402399,0.0767
2717,38066215,0.0355
2718,35125920,0.0327
2719,39492846,0.0368
2720,45517050,0.0424
2721,44177234,0.0411
2722,62378131,0.0581
2723,60933205,0.0567
2724,63983892,0.0596
2725,63655795,0.0593
2726,41092133,0.0383
2727,38966344,0.0363
2728,105327390,0.0981
2729,62240734,0.0580
2730,73127775,0.0681
2731,65270698,0.0608
2732,70775521,0.0659
2733,72661098,0.0677
2734,98682139,0.0919
2735,72183672,0.0672
2736,32330934,0.0301
2737,45907661,0.0428
2738,26744971,0.0249
2739,62309964,0.0580
2740,86506808,0.0806
2741,108281291,0.1008
2742,90748448,0.0845
2743,76965097,0.0717
2744,41235989,0.0384
2745,45156906,0.0421
2746,72286134,0.0673
2747,185772518,0.1730
2748,114269250,0.1064
2749,94067376,0.0876
2750,102390541,0.0954
2751,87893681,0.0819
2752,53536916,0.0499
2753,82067909,0.0764
2754,58276390,0.0543
2755,54840779,0.0511
2756,95601134,0.0890
2757,63269003,0.0589
2758,44586453,0.0415
2759,67895133,0.0632
2760,114017340,0.1062
2761,107809044,0.1004
2762,87281759,0.0813
2763,108465850,0.1010
2764,125795769,0.1172
2765,70038097,0.0652
2766,70784205,0.0659
2767,62148415,0.0579
2768,77513262,0.0722
2769,74113421,0.0690
2770,95121808,0.0886
2771,86880749,0.0809
2772,97144332,0.0905
2773,115269431,0.1074
2774,76487949,0.0712
2775,81413399,0.0758
2776,32069719,0.0299
2777,35074421,0.0327
2778,53344692,0.0497
2779,95479597,0.0889
2780,76429549,0.0712
2781,91906300,0.0856
2782,86407690,0.0805
2783,185454643,0.1727
2784,262468439,0.2444
2785,129588041,0.1207
2786,183073685,0.1705
2787,55820766,0.0520
2788,36530458,0.0340
2789,44771671,0.0417
2790,104551992,0.0974
2791,66107459,0.0616
2792,69180465,0.0644
2793,994830516,0.9265
2794,873754903,0.8137
2795,883822421,0.8231
2796,767958511,0.7152
2797,564132962,0.5254
2798,794089048,0.7396
2799,721837910,0.6723
2800,651562394,0.6068
2801,704167580,0.6558
2802,493351553,0.4595
2803,558193313,0.5199
2804,592183969,0.5515
2805,547386046,0.5098
2806,473096073,0.4406
2807,412920161,0.3846
2808,497507289,0.4633
2809,467113251,0.4350
2810,403478331,0.3758
2811,412649297,0.3843
2812,467167689,0.4351
2813,408214558,0.3802
2814,281408460,0.2621
2815,378579740,0.3526
2816,383574436,0.3572
2817,353847473,0.3295
2818,310799768,0.2895
2819,312108019,0.2907
2820,335790529,0.3127
2821,356728465,0.3322
2822,334797963,0.3118
2823,405108666,0.3773
2824,338106368,0.3149
2825,267862431,0.2495
2826,352779291,0.3286
2827,315539720,0.2939
2828,394909017,0.3678
2829,405550674,0.3777
2830,364614899,0.3396
2831,351442436,0.3273
2832,355456904,0.3310
2833,322991515,0.3008
2834,289456164,0.2696
2835,330602642,0.3079
2836,313729882,0.2922
2837,272949782,0.2542
2838,254792312,0.2373
2839,335092411,0.3121
2840,328088736,0.3056
2841,301068841,0.2804
2842,301240879,0.2806
2843,291225391,0.2712
2844,164300197,0.1530
2845,256309256,0.2387
2846,332550368,0.3097
2847,273471772,0.2547
2848,319902262,0.2979
2849,277164935,0.2581
2850,263775995,0.2457
2851,309830448,0.2886
2852,300854318,0.2802
2853,275651701,0.2567
2854,329254063,0.3066
2855,296003249,0.2757
2856,268578520,0.2501
2857,208663927,0.1943
2858,253162627,0.2358
2859,286373297,0.2667
2860,309329233,0.2881
2861,313730067,0.2922
2862,264114133,0.2460
2863,216534049,0.2017
2864,265389635,0.2472
2865,264607221,0.2464
2866,140216820,0.1306
2867,305153058,0.2842
2868,281212957,0.2619
2869,213914857,0.1992
2870,193659772,0.1804
2871,247524997,0.2305
2872,230937008,0.2151
2873,273688377,0.2549
2874,277277021,0.2582
2875,254549387,0.2371
2876,231520508,0.2156
2877,215215601,0.2004
2878,259402494,0.2416
2879,182209910,0.1697
2880,263704041,0.2456
2881,245738123,0.2289
2882,61255878,0.0570
2883,92567147,0.0862
2884,91878058,0.0856
2885,44121271,0.0411
2886,56193357,0.0523
2887,46880580,0.0437
2888,41236504,0.0384
2889,49223183,0.0458
2890,52524299,0.0489
2891,99783389,0.0929
2892,117778018,0.1097
2893,117043761,0.1090
2894,144381823,0.1345
2895,112189116,0.1045
2896,38964531,0.0363
2897,65790843,0.0613
2898,40522536,0.0377
2899,29126984,0.0271
2900,31450057,0.0293
2901,109288422,0.1018
2902,174470487,0.1625
2903,133168983,0.1240
2904,136007763,0.1267
2905,111787274,0.1041
2906,128642407,0.1198
2907,177565850,0.1654
2908,192459104,0.1792
2909,180268478,0.1679
2910,136296329,0.1269
2911,192102018,0.1789
2912,190382560,0.1773
2913,204252131,0.1902
2914,200330828,0.1866
2915,235283035,0.2191
2916,190289827,0.1772
2917,196405329,0.1829
2918,282522984,0.2631
2919,211329239,0.1968
2920,185240681,0.1725
2921,179778560,0.1674
2922,131257541,0.1222
2923,100637063,0.0937
2924,116167758,0.1082
2925,165128950,0.1538
2926,105161410,0.0979
2927,99135367,0.0923
2928,105295818,0.0981
2929,44989525,0.0419
2930,113253964,0.1055
2931,113665976,0.1059
2932,130983544,0.1220
2933,60458665,0.0563
2934,66020578,0.0615
2935,84065757,0.0783
2936,74008391,0.0689
2937,81565815,0.0760
2938,84927437,0.0791
2939,70968925,0.0661
2940,63455237,0.0591
2941,62506085,0.0582
2942,72576772,0.0676
2943,86030615,0.0801
2944,111391041,0.1037
2945,121548143,0.1132
2946,59193219,0.0551
2947,111074076,0.1034
2948,69333285,0.0646
2949,194331173,0.1810
2950,197706449,0.1841
2951,146934137,0.1368
2952,145589877,0.1356
2953,237785647,0.2215
2954,125942388,0.1173
2955,126189547,0.1175
2956,158331631,0.1475
2957,164549507,0.1532
2958,225877829,0.2104
2959,226279211,0.2107
2960,243035953,0.2263
2961,194440086,0.1811
2962,156942862,0.1462
2963,169264146,0.1576
2964,225172495,0.2097
2965,172438920,0.1606
2966,143711727,0.1338
2967,193554267,0.1803
2968,183419618,0.1708
2969,166452304,0.1550
2970,143598828,0.1337
2971,194349064,0.1810
2972,193031040,0.1798
2973,170403227,0.1587
2974,128038557,0.1192
2975,81973879,0.0763
2976,99976562,0.0931
2977,150825020,0.1405
2978,164873236,0.1536
2979,181261146,0.1688
2980,131948284,0.1229
2981,181552793,0.1691
2982,140594663,0.1309
2983,199627772,0.1859
2984,152211505,0.1418
2985,128997156,0.1201
2986,96972825,0.0903
2987,73664364,0.0686
2988,61812443,0.0576
2989,91842890,0.0855
2990,117242823,0.1092
2991,120712081,0.1124
2992,71295865,0.0664
2993,74938588,0.0698
2994,173942274,0.1620
2995,127773569,0.1190
2996,201033173,0.1872
2997,212445811,0.1979
2998,185184885,0.1725
2999,102595511,0.0955
3000,104706657,0.0975
3001,48102985,0.0448
3002,87083282,0.0811
3003,148744225,0.1385
3004,126249117,0.1176
3005,174018336,0.1621
3006,149935991,0.1396
3007,113774270,0.1060
3008,198356377,0.1847
3009,203615101,0.1896
3010,131308089,0.1223
3011,109255077,0.1018
3012,99442002,0.0926
3013,215143960,0.2004
3014,148479859,0.1383
3015,148108227,0.1379
3016,99640657,0.0928
3017,112358733,0.1046
3018,158676701,0.1478
3019,134125842,0.1249
3020,53042879,0.0494
3021,106466899,0.0992
3022,100162141,0.0933
3023,82424419,0.0768
3024,74697905,0.0696
3025,81400091,0.0758
3026,96664094,0.0900
3027,39181312,0.0365
3028,87026456,0.0810
3029,146103575,0.1361
3030,86176053,0.0803
3031,47862410,0.0446
3032,43135097,0.0402
3033,51943153,0.0484
3034,83255777,0.0775
3035,110024956,0.1025
3036,123413747,0.1149
3037,120452360,0.1122
3038,114971366,0.1071
3039,122788240,0.1144
3040,152204122,0.1418
3041,142840542,0.1330
3042,98510144,0.0917
3043,143437549,0.1336
3044,123298919,0.1148
3045,61986949,0.0577
3046,89457348,0.0833
3047,83110680,0.0774
3048,106221922,0.0989
3049,115618754,0.1077
3050,71869158,0.0669
3051,65666498,0.0612
3052,89881449,0.0837
3053,77451465,0.0721
3054,122576891,0.1142
3055,65974776,0.0614
3056,40661415,0.0379
3057,33156828,0.0309
3058,49734088,0.0463
3059,48707004,0.0454
3060,30480359,0.0284
3061,98445822,0.0917
3062,110054679,0.1025
3063,74868724,0.0697
3064,87791681,0.0818
3065,71229449,0.0663
3066,85855966,0.0800
3067,135327911,0.1260
3068,111185255,0.1035
3069,178167579,0.1659
3070,148820026,0.1386
3071,145094478,0.1351
3072,149442962,0.1392
3073,159909772,0.1489
3074,138501562,0.1290
3075,97175039,0.0905
3076,179282789,0.1670
3077,206348078,0.1922
3078,168832265,0.1572
3079,117418681,0.1094
3080,203856776,0.1899
3081,164900334,0.1536
3082,132337870,0.1232
3083,125550438,0.1169
3084,77365281,0.0721
3085,75742600,0.0705
3086,75999190,0.0708
3087,95866037,0.0893
3088,93866260,0.0874
3089,138172944,0.1287
3090,87540647,0.0815
3091,85849502,0.0800
3092,133881389,0.1247
3093,124714182,0.1161
3094,108645174,0.1012
3095,149907598,0.1396
3096,101332336,0.0944
3097,144628413,0.1347
3098,130254572,0.1213
3099,77902546,0.0726
3100,110317291,0.1027
3101,66149565,0.0616
3102,77834091,0.0725
3103,63266710,0.0589
3104,71122435,0.0662
3105,76302200,0.0711
3106,74701836,0.0696
3107,81549497,0.0759
3108,67564307,0.0629
3109,48312105,0.0450
3110,79506803,0.0740
3111,59526277,0.0554
3112,33805503,0.0315
3113,40157370,0.0374
3114,41987519,0.0391
3115,35712283,0.0333
3116,47404494,0.0441
3117,39887458,0.0371
3118,134190530,0.1250
3119,120642010,0.1124
3120,89226903,0.0831
3121,84183023,0.0784
3122,91517872,0.0852
3123,73471972,0.0684
3124,72559871,0.0676
3125,68268636,0.0636
3126,99118560,0.0923
3127,96237510,0.0896
3128,120800680,0.1125
3129,144640189,0.1347
3130,158274160,0.1474
3131,143529774,0.1337
3132,73125689,0.0681
3133,150038935,0.1397
3134,179119055,0.1668
3135,160802262,0.1498
3136,157461030,0.1466
3137,165533524,0.1542
3138,148036808,0.1379
3139,99172442,0.0924
3140,66415042,0.0619
3141,66452099,0.0619
3142,76243483,0.0710
3143,127445701,0.1187
3144,194576903,0.1812
3145,180625703,0.1682
3146,169171608,0.1576
3147,127770596,0.1190
3148,75538250,0.0704
3149,74461745,0.0693
3150,83212697,0.0775
3151,89208912,0.0831
3152,87779093,0.0818
3153,78418200,0.0730
3154,60283023,0.0561
3155,71247059,0.0664
3156,57863331,0.0539
3157,123257910,0.1148
3158,133828582,0.1246
3159,160074651,0.1491
3160,143337949,0.1335
3161,121475730,0.1131
3162,220730117,0.2056
3163,126071485,0.1174
3164,122373888,0.1140
3165,152803750,0.1423
3166,100563081,0.0937
3167,102274300,0.0953
3168,169386935,0.1578
3169,94545448,0.0881
3170,161956150,0.1508
3171,167920933,0.1564
3172,146567726,0.1365
3173,157779965,0.1469
3174,144534530,0.1346
3175,115172007,0.1073
3176,116804575,0.1088
3177,142205071,0.1324
3178,139780319,0.1302
3179,136233909,0.1269
3180,181552946,0.1691
3181,170496705,0.1588
3182,168537810,0.1570
3183,180764667,0.1684
3184,133159991,0.1240
3185,166870799,0.1554
3186,144888602,0.1349
3187,84987115,0.0792
3188,165691405,0.1543
3189,148384770,0.1382
3190,180475028,0.1681
3191,152160227,0.1417
3192,57502625,0.0536
3193,103342310,0.0962
3194,85033346,0.0792
3195,55050074,0.0513
3196,85332819,0.0795
3197,64888520,0.0604
3198,126889058,0.1182
3199,163268213,0.1521
3200,158124857,0.1473
3201,132947042,0.1238
3202,75944178,0.0707
3203,58123633,0.0541
3204,51491830,0.0480
3205,115150045,0.1072
3206,51621300,0.0481
3207,43875628,0.0409
3208,41478845,0.0386
3209,57555197,0.0536
3210,99785129,0.0929
3211,59377536,0.0553
3212,116350363,0.1084
3213,115276178,0.1074
3214,132927438,0.1238
3215,98001565,0.0913
3216,77941033,0.0726
3217,73395104,0.0684
3218,99715755,0.0929
3219,146057563,0.1360
3220,116192468,0.1082
3221,134358080,0.1251
3222,106319705,0.0990
3223,73403811,0.0684
3224,58426815,0.0544
3225,65562323,0.0611
3226,144976476,0.1350
3227,65514342,0.0610
3228,36999337,0.0345
3229,27083045,0.0252
3230,111374383,0.1037
3231,101903331,0.0949
3232,48742853,0.0454
3233,32595136,0.0304
3234,100977433,0.0940
3235,44735822,0.0417
3236,121254184,0.1129
3237,86050610,0.0801
3238,96554907,0.0899
3239,75965468,0.0707
3240,50923605,0.0474
3241,93882036,0.0874
3242,101612136,0.0946
3243,59735700,0.0556
3244,63754035,0.0594
3245,88119271,0.0821
3246,71395054,0.0665
3247,83862257,0.0781
3248,77712002,0.0724
3249,91120942,0.0849
3250,108219426,0.1008
3251,81921877,0.0763
3252,92687154,0.0863
3253,89426167,0.0833
3254,70267081,0.0654
3255,61368401,0.0572
3256,63639015,0.0593
3257,60029023,0.0559
3258,119137088,0.1110
3259,116398106,0.1084
3260,103266870,0.0962
3261,95564253,0.0890
3262,92464582,0.0861
3263,105333374,0.0981
3264,102149066,0.0951
3265,96866774,0.0902
3266,87738062,0.0817
3267,87809744,0.0818
3268,89496277,0.0833
3269,100619019,0.0937
3270,71802721,0.0669
3271,71112083,0.0662
3272,82512341,0.0768
3273,73252327,0.0682
3274,85397726,0.0795
3275,73105227,0.0681
3276,76735252,0.0715
3277,78340544,0.0730
3278,78654015,0.0733
3279,59284869,0.0552
3280,89508418,0.0834
3281,88714681,0.0826
3282,77485300,0.0722
3283,64970513,0.0605
3284,55638718,0.0518
3285,59022727,0.0550
3286,84707416,0.0789
3287,82300599,0.0766
3288,87539193,0.0815
3289,61981256,0.0577
3290,95454907,0.0889
3291,67626354,0.0630
3292,75213609,0.0700
3293,86025385,0.0801
3294,93207716,0.0868
3295,86079625,0.0802
3296,74540183,0.0694
3297,62142859,0.0579
3298,73084303,0.0681
3299,69335353,0.0646
3300,67746909,0.0631
3301,67957018,0.0633
3302,77925323,0.0726
3303,74721216,0.0696
3304,59586658,0.0555
3305,55660074,0.0518
3306,68291813,0.0636
3307,69641363,0.0649
3308,63903403,0.0595
3309,59764266,0.0557
3310,50277562,0.0468
3311,54582574,0.0508
3312,49089311,0.0457
3313,49448345,0.0461
3314,53568897,0.0499
3315,46101179,0.0429
3316,46792735,0.0436
3317,46465404,0.0433
3318,50660032,0.0472
3319,61513471,0.0573
3320,98985106,0.0922
3321,76192676,0.0710
3322,88486677,0.0824
3323,70698951,0.0658
3324,75270794,0.0701
3325,76699218,0.0714
3326,83729132,0.0780
3327,74034482,0.0689
3328,85625656,0.0797
3329,82523235,0.0769
3330,76882943,0.0716
3331,90488599,0.0843
3332,87322882,0.0813
3333,94612697,0.0881
3334,90452022,0.0842
3335,90072321,0.0839
3336,89750086,0.0836
3337,84592178,0.0788
3338,100048466,0.0932
3339,121967587,0.1136
3340,133378239,0.1242
3341,104824968,0.0976
3342,94839251,0.0883
3343,75336208,0.0702
3344,82759797,0.0771
3345,83197571,0.0775
3346,84444566,0.0786
3347,89437185,0.0833
3348,96954941,0.0903
3349,92895408,0.0865
3350,92419061,0.0861
3351,89886393,0.0837
3352,95708854,0.0891
3353,97528672,0.0908
3354,96355459,0.0897
3355,103762740,0.0966
3356,94304985,0.0878
3357,106754549,0.0994
3358,110842490,0.1032
3359,96874513,0.0902
3360,96656759,0.0900
3361,99332439,0.0925
3362,99624126,0.0928
3363,95118035,0.0886
3364,95765862,0.0892
3365,99887130,0.0930
3366,103925326,0.0968
3367,92900240,0.0865
3368,106116504,0.0988
3369,103772703,0.0966
3370,106179045,0.0989
3371,101228147,0.0943
3372,102468687,0.0954
3373,90501335,0.0843
3374,106623184,0.0993
3375,105451461,0.0982
3376,100587572,0.0937
3377,95226844,0.0887
3378,92702190,0.0863
3379,98003340,0.0913
3380,108678092,0.1012
3381,111576382,0.1039
3382,62857482,0.0585
3383,103582270,0.0965
3384,112434051,0.1047
3385,101142807,0.0942
3386,106691422,0.0994
3387,103804036,0.0967
3388,106173185,0.0989
3389,107042503,0.0997
3390,107021386,0.0997
3391,111488416,0.1038
3392,112116260,0.1044
3393,106381883,0.0991
3394,103364450,0.0963
3395,116919576,0.1089
3396,108595430,0.1011
3397,138287799,0.1288
3398,113202576,0.1054
3399,94063079,0.0876
3400,88663907,0.0826
3401,110937866,0.1033
3402,111901397,0.1042
3403,140995141,0.1313
3404,131119999,0.1221
3405,162033093,0.1509
3406,63736987,0.0594
3407,118407125,0.1103
3408,190694892,0.1776
3409,186130693,0.1733
3410,119819508,0.1116
3411,84463030,0.0787
3412,108590777,0.1011
3413,127166476,0.1184
3414,119996614,0.1118
3415,124767875,0.1162
3416,113445947,0.1057
3417,29914702,0.0279
3418,64503903,0.0601
3419,129993021,0.1211
3420,88260932,0.0822
3421,103427319,0.0963
3422,91718912,0.0854
3423,123242148,0.1148
3424,127238249,0.1185
3425,104952240,0.0977
3426,93867809,0.0874
3427,111957741,0.1043
3428,95819370,0.0892
3429,116125424,0.1082
3430,105582099,0.0983
3431,115724039,0.1078
3432,55811521,0.0520
3433,90819769,0.0846
3434,141353592,0.1316
3435,105147136,0.0979
3436,103867383,0.0967
3437,105235803,0.0980
3438,96277682,0.0897
3439,92346956,0.0860
3440,113669755,0.1059
3441,114572811,0.1067
3442,104930745,0.0977
3443,102697161,0.0956
3444,94528320,0.0880
3445,114401489,0.1065
3446,113327878,0.1055
3447,109319369,0.1018
3448,101349987,0.0944
3449,98544541,0.0918
3450,65545568,0.0610
3451,74099183,0.0690
3452,99085678,0.0923
3453,65536232,0.0610
3454,157324565,0.1465
3455,137389747,0.1280
3456,148789431,0.1386
3457,98465761,0.0917
3458,76369931,0.0711
3459,98506304,0.0917
3460,65662693,0.0612
3461,78216544,0.0728
3462,116391562,0.1084
3463,124301818,0.1158
3464,149846925,0.1396
3465,153810080,0.1432
3466,103667791,0.0965
3467,105975397,0.0987
3468,104003084,0.0969
3469,102871336,0.0958
3470,119383171,0.1112
3471,142446356,0.1327
3472,136163218,0.1268
3473,149222737,0.1390
3474,142599418,0.1328
3475,141882078,0.1321
3476,114120542,0.1063
3477,114756976,0.1069
3478,84402864,0.0786
3479,133787390,0.1246
3480,115373321,0.1074
3481,115774651,0.1078
3482,94812295,0.0883
3483,62276577,0.0580
3484,54123848,0.0504
3485,59463934,0.0554
3486,91226438,0.0850
3487,108120155,0.1007
3488,84518656,0.0787
3489,97911276,0.0912
3490,127203386,0.1185
3491,105119791,0.0979
3492,117448805,0.1094
3493,134606715,0.1254
3494,71209671,0.0663
3495,44863551,0.0418
3496,39451946,0.0367
3497,102350698,0.0953
3498,129743228,0.1208
3499,116260272,0.1083
3500,118615652,0.1105
3501,135508149,0.1262
3502,149402062,0.1391
3503,133379782,0.1242
3504,122265791,0.1139
3505,118058154,0.1100
3506,128990243,0.1201
3507,92578864,0.0862
3508,106479061,0.0992
3509,123391958,0.1149
3510,137340915,0.1279
3511,137932749,0.1285
3512,128940309,0.1201
3513,114505772,0.1066
3514,123970932,0.1155
3515,124503169,0.1160
3516,118213263,0.1101
3517,113268426,0.1055
3518,140341096,0.1307
3519,116009236,0.1080
3520,83231182,0.0775
3521,98058440,0.0913
3522,122128448,0.1137
3523,133513498,0.1243
3524,148910225,0.1387
3525,215324786,0.2005
3526,210630985,0.1962
3527,111420103,0.1038
3528,151057412,0.1407
3529,114095842,0.1063
3530,145081501,0.1351
3531,111779949,0.1041
3532,117967761,0.1099
3533,136622936,0.1272
3534,129043389,0.1202
3535,122500522,0.1141
3536,107297447,0.0999
3537,75302887,0.0701
3538,69860765,0.0651
3539,105601850,0.0983
3540,110143271,0.1026
3541,96698354,0.0901
3542,127888872,0.1191
3543,122050771,0.1137
3544,134617684,0.1254
3545,105972312,0.0987
3546,129089360,0.1202
3547,70891024,0.0660
3548,49656049,0.0462
3549,108481145,0.1010
3550,89271738,0.0831
3551,40038699,0.0373
3552,84383654,0.0786
3553,75338509,0.0702
3554,62482936,0.0582
3555,103784970,0.0967
3556,118872644,0.1107
3557,119959406,0.1117
3558,98792387,0.0920
3559,50174078,0.0467
3560,83512247,0.0778
3561,84029107,0.0783
3562,94577015,0.0881
3563,48275688,0.0450
3564,50675069,0.0472
3565,73476456,0.0684
3566,103777033,0.0966
3567,117422972,0.1094
3568,109515884,0.1020
3569,86342613,0.0804
3570,116089796,0.1081
3571,125637551,0.1170
3572,83375489,0.0776
3573,104256224,0.0971
3574,116185104,0.1082
3575,127758118,0.1190
3576,89195828,0.0831
3577,65360281,0.0609
3578,71619611,0.0667
3579,129732245,0.1208
3580,112914669,0.1052
3581,119715331,0.1115
3582,142598024,0.1328
3583,103658253,0.0965
3584,110130268,0.1026
3585,108122033,0.1007
3586,92590604,0.0862
3587,139328400,0.1298
3588,61554396,0.0573
3589,77903974,0.0726
3590,95318187,0.0888
3591,135109337,0.1258
3592,83998300,0.0782
3593,132915985,0.1238
3594,118969825,0.1108
3595,114105072,0.1063
3596,121250367,0.1129
3597,62972139,0.0586
3598,92457187,0.0861
3599,55877753,0.0520
3600,80595568,0.0751
3601,102194990,0.0952
3602,83279467,0.0776
3603,50325533,0.0469
3604,116362825,0.1084
3605,129939826,0.1210
3606,91897933,0.0856
3607,129603694,0.1207
3608,95164236,0.0886
3609,103295896,0.0962
3610,58542536,0.0545
3611,59197521,0.0551
3612,97779521,0.0911
3613,89142048,0.0830
3614,95775833,0.0892
3615,113633026,0.1058
3616,85335269,0.0795
3617,131622023,0.1226
3618,129386604,0.1205
3619,94484504,0.0880
3620,118088122,0.1100
3621,70401530,0.0656
3622,106520096,0.0992
3623,106961045,0.0996
3624,64181734,0.0598
3625,129650022,0.1207
3626,92814437,0.0864
3627,65678926,0.0612
3628,117094786,0.1091
3629,125786298,0.1171
3630,123366279,0.1149
3631,116284521,0.1083
3632,109757246,0.1022
3633,94323370,0.0878
3634,82312176,0.0767
3635,55985407,0.0521
3636,77645957,0.0723
3637,64278965,0.0599
3638,106208869,0.0989
3639,137388413,0.1280
3640,77724664,0.0724
3641,98477068,0.0917
3642,108515762,0.1011
3643,86617531,0.0807
3644,87505863,0.0815
3645,57483724,0.0535
3646,45801616,0.0427
3647,98215397,0.0915
3648,42677670,0.0397
3649,35687228,0.0332
3650,37989723,0.0354
3651,46898754,0.0437
3652,41136159,0.0383
3653,58775252,0.0547
3654,54220241,0.0505
3655,60482730,0.0563
3656,65392368,0.0609
3657,49298251,0.0459
3658,37890030,0.0353
3659,95580578,0.0890
3660,67592321,0.0630
3661,73613318,0.0686
3662,59261147,0.0552
3663,72308589,0.0673
3664,71837493,0.0669
3665,87522663,0.0815
3666,92005957,0.0857
3667,30921693,0.0288
3668,45723761,0.0426
3669,30492821,0.0284
3670,51186988,0.0477
3671,79611023,0.0741
3672,109072170,0.1016
3673,101523106,0.0946
3674,68482892,0.0638
3675,56284452,0.0524
3676,39565196,0.0368
3677,58123927,0.0541
3678,169641589,0.1580
3679,137458355,0.1280
3680,99000692,0.0922
3681,101284971,0.0943
3682,97691893,0.0910
3683,51640092,0.0481
3684,76261026,0.0710
3685,63522583,0.0592
3686,54937199,0.0512
3687,86802107,0.0808
3688,71021481,0.0661
3689,48037011,0.0447
3690,52752624,0.0491
3691,109882121,0.1023
3692,114575353,0.1067
3693,95514834,0.0890
3694,103118153,0.0960
3695,130973013,0.1220
3696,71140572,0.0663
3697,73889430,0.0688
3698,57197994,0.0533
3699,97166816,0.0905
3700,60429286,0.0563
3701,86124644,0.0802
3702,96307983,0.0897
3703,81911179,0.0763
3704,115389891,0.1075
3705,80648269,0.0751
3706,89701896,0.0835
3707,34418245,0.0321
3708,30079229,0.0280
3709,51495262,0.0480
3710,85981770,0.0801
3711,83525732,0.0778
3712,92452057,0.0861
3713,91823093,0.0855
3714,162422242,0.1513
3715,259332570,0.2415
3716,158913503,0.1480
3717,161041774,0.1500
3718,74723039,0.0696
3719,36998093,0.0345
3720,44140461,0.0411
3721,98138051,0.0914
3722,69316904,0.0646
3723,76621755,0.0714
3724,889880161,0.8288
3725,914663249,0.8518
3726,860177809,0.8011
3727,769858245,0.7170
3728,603913741,0.5624
3729,768271925,0.7155
3730,730341774,0.6802
3731,652272114,0.6075
3732,703083174,0.6548
3733,495179075,0.4612
3734,548823949,0.5111
3735,595873107,0.5550
3736,540684577,0.5036
3737,478350127,0.4455
3738,402389117,0.3748
3739,484226655,0.4510
3740,456389726,0.4250
3741,395345087,0.3682
3742,419370854,0.3906
3743,464638369,0.4327
3744,405501087,0.3777
3745,290304302,0.2704
3746,377621316,0.3517
3747,390976619,0.3641
3748,353292723,0.3290
3749,302318932,0.2816
3750,315348625,0.2937
3751,328972077,0.3064
3752,357842299,0.3333
3753,335450250,0.3124
3754,395701809,0.3685
3755,348088121,0.3242
3756,260526765,0.2426
3757,348847813,0.3249
3758,319826877,0.2979
3759,384288459,0.3579
3760,424025499,0.3949
3761,366590851,0.3414
3762,368109383,0.3428
3763,334556030,0.3116
3764,334698267,0.3117
3765,304592749,0.2837
3766,311730672,0.2903
3767,321629632,0.2995
3768,270143189,0.2516
3769,238352996,0.2220
3770,332471118,0.3096
3771,327008501,0.3046
3772,310775133,0.2894
3773,314874523,0.2932
3774,278696419,0.2596
3775,188813873,0.1758
3776,222382995,0.2071
3777,332808516,0.3100
3778,278455475,0.2593
3779,319762607,0.2978
3780,269867357,0.2513
3781,280564076,0.2613
3782,313219464,0.2917
3783,300361952,0.2797
3784,289606311,0.2697
3785,296973874,0.2766
3786,320509005,0.2985
3787,264810654,0.2466
3788,223438599,0.2081
3789,216699839,0.2018
3790,294904666,0.2747
3791,303567685,0.2827
3792,320263727,0.2983
3793,269095188,0.2506
3794,208936560,0.1946
3795,264205868,0.2461
3796,257629421,0.2399
3797,153533247,0.1430
3798,292153487,0.2721
3799,295175849,0.2749
3800,215443043,0.2006
3801,189095821,0.1761
3802,240418190,0.2239
3803,235025166,0.2189
3804,253605738,0.2362
3805,295748156,0.2754
3806,257495672,0.2398
3807,236417613,0.2202
3808,209165831,0.1948
3809,249647685,0.2325
3810,191259250,0.1781
3811,242413582,0.2258
3812,280622551,0.2614
3813,63726954,0.0594
3814,92816744,0.0864
3815,94943427,0.0884
3816,46146877,0.0430
3817,54285382,0.0506
3818,49993341,0.0466
3819,42195655,0.0393
3820,48957234,0.0456
3821,53579056,0.0499
3822,81313624,0.0757
3823,117155243,0.1091
3824,127613336,0.1188
3825,115746432,0.1078
3826,150739876,0.1404
3827,33762041,0.0314
3828,63635879,0.0593
3829,45295334,0.0422
3830,28208043,0.0263
3831,31426562,0.0293
3832,67281603,0.0627
3833,194970918,0.1816
3834,123576016,0.1151
3835,149707153,0.1394
3836,112574631,0.1048
3837,135662707,0.1263
3838,168738926,0.1572
3839,192389455,0.1792
3840,190006454,0.1770
3841,138644867,0.1291
3842,180573190,0.1682
3843,194394003,0.1810
3844,195629906,0.1822
3845,187643237,0.1748
3846,240316716,0.2238
3847,188514088,0.1756
3848,195245114,0.1818
3849,275120858,0.2562
3850,226335100,0.2108
3851,174775963,0.1628
3852,195625261,0.1822
3853,110360181,0.1028
3854,127136745,0.1184
3855,119263317,0.1111
3856,138133783,0.1286
3857,139596992,0.1300
3858,91728994,0.0854
3859,99970033,0.0931
3860,68473059,0.0638
3861,86635992,0.0807
3862,102476732,0.0954
3863,129375588,0.1205
3864,91498231,0.0852
3865,67494240,0.0629
3866,76850318,0.0716
3867,77365424,0.0721
3868,77746697,0.0724
3869,86587822,0.0806
3870,73122300,0.0681
3871,66559917,0.0620
3872,62422463,0.0581
3873,68473944,0.0638
3874,80801699,0.0753
3875,89200603,0.0831
3876,134687584,0.1254
3877,72048531,0.0671
3878,84751722,0.0789
3879,117147068,0.1091
3880,124324424,0.1158
3881,189566102,0.1765
3882,182147616,0.1696
3883,123985576,0.1155
3884,234656240,0.2185
3885,151355627,0.1410
3886,137918277,0.1284
3887,139565681,0.1300
3888,158497547,0.1476
3889,162724920,0.1515
3890,260949149,0.2430
3891,205807636,0.1917
3892,274445135,0.2556
3893,145586338,0.1356
3894,146076409,0.1360
3895,214175868,0.1995
3896,205451656,0.1913
3897,126698444,0.1180
3898,189999338,0.1770
3899,186453883,0.1736
3900,174384742,0.1624
3901,156349498,0.1456
3902,171002147,0.1593
3903,190486630,0.1774
3904,183137296,0.1706
3905,163297084,0.1521
3906,72934420,0.0679
3907,115054103,0.1072
3908,73232199,0.0682
3909,210166795,0.1957
3910,158335464,0.1475
3911,176434399,0.1643
3912,164449145,0.1532
3913,126794186,0.1181
3914,175331687,0.1633
3915,192680293,0.1794
3916,153970923,0.1434
3917,87114895,0.0811
3918,104881340,0.0977
3919,66174992,0.0616
3920,71787304,0.0669
3921,93843789,0.0874
3922,122773175,0.1143
3923,107547931,0.1002
3924,69359810,0.0646
3925,127245846,0.1185
3926,162403429,0.1512
3927,146102705,0.1361
3928,219912141,0.2048
3929,210582583,0.1961
3930,142733975,0.1329
3931,105211244,0.0980
3932,79078653,0.0736
3933,47893043,0.0446
3934,125861847,0.1172
3935,137836957,0.1284
3936,142373130,0.1326
3937,174729015,0.1627
3938,144563645,0.1346
3939,156296353,0.1456
3940,203400053,0.1894
3941,166808474,0.1554
3942,112295909,0.1046
3943,104234286,0.0971
3944,155946590,0.1452
3945,173540091,0.1616
3946,161465708,0.1504
3947,119811658,0.1116
3948,111922160,0.1042
3949,97245572,0.0906
3950,164915905,0.1536
3951,104660637,0.0975
3952,77379616,0.0721
3953,109749260,0.1022
3954,83390870,0.0777
3955,74606790,0.0695
3956,81621806,0.0760
3957,112493295,0.1048
3958,41794905,0.0389
3959,50309447,0.0469
3960,143389477,0.1335
3961,110341196,0.1028
3962,48443832,0.0451
3963,44765150,0.0417
3964,56352490,0.0525
3965,48793927,0.0454
3966,111530808,0.1039
3967,115341611,0.1074
3968,125914059,0.1173
3969,115417455,0.1075
3970,120526486,0.1122
3971,152570186,0.1421
3972,155102487,0.1445
3973,98764983,0.0920
3974,140447315,0.1308
3975,120395444,0.1121
3976,87917505,0.0819
3977,77879298,0.0725
3978,100954529,0.0940
3979,64580678,0.0601
3980,124831769,0.1163
3981,98411321,0.0917
3982,71307355,0.0664
3983,79326196,0.0739
3984,77963143,0.0726
3985,103807401,0.0967
3986,95939507,0.0894
3987,43989386,0.0410
3988,40356841,0.0376
3989,40307761,0.0375
3990,51326354,0.0478
3991,31707692,0.0295
3992,38339662,0.0357
3993,149113818,0.1389
3994,75045328,0.0699
3995,87324580,0.0813
3996,77616310,0.0723
3997,68524331,0.0638
3998,130033207,0.1211
3999,120265535,0.1120
4000,147925441,0.1378
4001,166390299,0.1550
4002,142084278,0.1323
4003,126128446,0.1175
4004,171114430,0.1594
4005,141605019,0.1319
4006,108766562,0.1013
4007,136340989,0.1270
4008,205039417,0.1910
4009,207402081,0.1932
4010,145206102,0.1352
4011,155342787,0.1447
4012,164348214,0.1531
4013,184517091,0.1718
4014,114045633,0.1062
4015,84571112,0.0788
4016,71795078,0.0669
4017,73509826,0.0685
4018,77019103,0.0717
4019,107838088,0.1004
4020,112755840,0.1050
4021,117282991,0.1092
4022,83198611,0.0775
4023,112289979,0.1046
4024,141619300,0.1319
4025,96200925,0.0896
4026,166502683,0.1551
4027,91338364,0.0851
4028,154726412,0.1441
4029,129758023,0.1208
4030,97284454,0.0906
4031,98240707,0.0915
4032,73943372,0.0689
4033,86958248,0.0810
4034,66327622,0.0618
4035,57772492,0.0538
4036,76575361,0.0713
4037,78534312,0.0731
4038,70964020,0.0661
4039,82959335,0.0773
4040,50176193,0.0467
4041,63965681,0.0596
4042,68510418,0.0638
4043,41479691,0.0386
4044,39564205,0.0368
4045,35207423,0.0328
4046,45903490,0.0428
4047,48023131,0.0447
4048,30190770,0.0281
4049,95791972,0.0892
4050,141842634,0.1321
4051,94840431,0.0883
4052,86493705,0.0806
4053,88338695,0.0823
4054,78152813,0.0728
4055,74477956,0.0694
4056,53564414,0.0499
4057,103589131,0.0965
4058,101533005,0.0946
4059,104706623,0.0975
4060,146608496,0.1365
4061,153441894,0.1429
4062,157425364,0.1466
4063,85088881,0.0792
4064,121357428,0.1130
4065,178747198,0.1665
4066,167479221,0.1560
4067,143973457,0.1341
4068,166689561,0.1552
4069,157472278,0.1467
4070,115263558,0.1073
4071,67569093,0.0629
4072,64641994,0.0602
4073,70029087,0.0652
4074,120740007,0.1124
4075,163791722,0.1525
4076,199271310,0.1856
4077,171148812,0.1594
4078,149871612,0.1396
4079,72739082,0.0677
4080,72960912,0.0680
4081,84073087,0.0783
4082,88876164,0.0828
4083,87840306,0.0818
4084,85125387,0.0793
4085,59774045,0.0557
4086,68226043,0.0635
4087,67683052,0.0630
4088,81638916,0.0760
4089,147858274,0.1377
4090,139592978,0.1300
4091,155046228,0.1444
4092,128313544,0.1195
4093,189468595,0.1765
4094,169097755,0.1575
4095,92130968,0.0858
4096,185543227,0.1728
4097,100541502,0.0936
4098,86378992,0.0804
4099,152858536,0.1424
4100,122563389,0.1141
4101,163320534,0.1521
4102,130335944,0.1214
4103,167074841,0.1556
4104,164576176,0.1533
4105,136616762,0.1272
4106,105801675,0.0985
4107,133879738,0.1247
4108,135012048,0.1257
4109,135377498,0.1261
4110,140459326,0.1308
4111,154551279,0.1439
4112,176674738,0.1645
4113,170220717,0.1585
4114,182579263,0.1700
4115,145677371,0.1357
4116,166010923,0.1546
4117,145777778,0.1358
4118,113194510,0.1054
4119,130501946,0.1215
4120,144547724,0.1346
4121,175521673,0.1635
4122,155807154,0.1451
4123,94206527,0.0877
4124,96082581,0.0895
4125,99678298,0.0928
4126,48912364,0.0456
4127,63047387,0.0587
4128,90207339,0.0840
4129,104862954,0.0977
4130,167023904,0.1556
4131,161380494,0.1503
4132,158232249,0.1474
4133,76504611,0.0713
4134,70872207,0.0660
4135,41019886,0.0382
4136,112869539,0.1051
4137,61707384,0.0575
4138,44221306,0.0412
4139,44931717,0.0418
4140,42913222,0.0400
4141,93596973,0.0872
4142,58709849,0.0547
4143,102162858,0.0951
4144,121120146,0.1128
4145,121865535,0.1135
4146,133128716,0.1240
4147,64375602,0.0600
4148,66141662,0.0616
4149,111129285,0.1035
4150,114194200,0.1064
4151,140242388,0.1306
4152,136401465,0.1270
4153,106097943,0.0988
4154,85795303,0.0799
4155,64054462,0.0597
4156,54347948,0.0506
4157,144430374,0.1345
4158,73102508,0.0681
4159,46624193,0.0434
4160,28789912,0.0268
4161,95093155,0.0886
4162,76416274,0.0712
4163,78178586,0.0728
4164,36125381,0.0336
4165,67874798,0.0632
4166,75268622,0.0701
4167,88900088,0.0828
4168,119746811,0.1115
4169,64034810,0.0596
4170,103153142,0.0961
4171,58037598,0.0541
4172,75936204,0.0707
4173,107675273,0.1003
4174,72122090,0.0672
4175,62756360,0.0584
4176,88004664,0.0820
4177,72573133,0.0676
4178,70249233,0.0654
4179,97985806,0.0913
4180,91809668,0.0855
4181,72855127,0.0679
4182,106450063,0.0991
4183,86543559,0.0806
4184,78695265,0.0733
4185,84078239,0.0783
4186,62261844,0.0580
4187,66916474,0.0623
4188,61648962,0.0574
4189,99051793,0.0922
4190,118604932,0.1105
4191,105849384,0.0986
4192,101137027,0.0942
4193,90328519,0.0841
4194,100376497,0.0935
4195,98220397,0.0915
4196,99837661,0.0930
4197,87632235,0.0816
4198,83205941,0.0775
4199,84986430,0.0791
4200,103210315,0.0961
4201,76814060,0.0715
4202,65749609,0.0612
4203,80943121,0.0754
4204,75530291,0.0703
4205,78565491,0.0732
4206,86394139,0.0805
4207,68234311,0.0635
4208,80071833,0.0746
4209,75492442,0.0703
4210,71677705,0.0668
4211,72517684,0.0675
4212,91935635,0.0856
4213,75815774,0.0706
4214,68625255,0.0639
4215,56085002,0.0522
4216,60242767,0.0561
4217,72613787,0.0676
4218,89143375,0.0830
4219,77463371,0.0721
4220,71374604,0.0665
4221,104903966,0.0977
4222,67597059,0.0630
4223,66141814,0.0616
4224,91830688,0.0855
4225,85578694,0.0797
4226,89277744,0.0831
4227,76395367,0.0711
4228,68868148,0.0641
4229,65068629,0.0606
4230,69914708,0.0651
4231,69122010,0.0644
4232,70276942,0.0655
4233,82237474,0.0766
4234,63332837,0.0590
4235,65947562,0.0614
4236,56249011,0.0524
4237,66526884,0.0620
4238,70127742,0.0653
4239,70694645,0.0658
4240,59266450,0.0552
4241,51895634,0.0483
4242,54083158,0.0504
4243,51841551,0.0483
4244,49101710,0.0457
4245,53905053,0.0502
4246,47645931,0.0444
4247,47197763,0.0440
4248,44235920,0.0412
4249,49662942,0.0463
4250,54420299,0.0507
4251,96929607,0.0903
4252,83903663,0.0781
4253,77458176,0.0721
4254,71543292,0.0666
4255,80515840,0.0750
4256,70433208,0.0656
4257,81607839,0.0760
4258,77856457,0.0725
4259,88439271,0.0824
4260,77117745,0.0718
4261,85959561,0.0801
4262,89920987,0.0837
4263,80581956,0.0750
4264,94718116,0.0882
4265,88246289,0.0822
4266,88830805,0.0827
4267,89605627,0.0835
4268,87774157,0.0817
4269,85063747,0.0792
4270,127428657,0.1187
4271,137428080,0.1280
4272,100335127,0.0934
4273,103397910,0.0963
4274,75519642,0.0703
4275,83390262,0.0777
4276,85423539,0.0796
4277,79374628,0.0739
4278,90252925,0.0841
4279,94435441,0.0879
4280,96839751,0.0902
4281,92138330,0.0858
4282,92758226,0.0864
4283,94369278,0.0879
4284,96014730,0.0894
4285,94118709,0.0877
4286,102557230,0.0955
4287,93450400,0.0870
4288,108081227,0.1007
4289,109901909,0.1024
4290,100498333,0.0936
4291,95864379,0.0893
4292,100054020,0.0932
4293,98747319,0.0920
4294,96286408,0.0897
4295,98360305,0.0916
4296,94209132,0.0877
4297,103283054,0.0962
4298,97285647,0.0906
4299,103123330,0.0960
4300,100798974,0.0939
4301,101692873,0.0947
4302,106582693,0.0993
4303,97709541,0.0910
4304,97298929,0.0906
4305,101942459,0.0949
4306,107079919,0.0997
4307,101892181,0.0949
4308,97286496,0.0906
4309,92601343,0.0862
4310,94777855,0.0883
4311,101139950,0.0942
4312,115175417,0.1073
4313,64796910,0.0603
4314,102905849,0.0958
4315,106339493,0.0990
4316,105390088,0.0982
4317,102216395,0.0952
4318,106542896,0.0992
4319,107814347,0.1004
4320,106532844,0.0992
4321,109208755,0.1017
4322,111337407,0.1037
4323,106318201,0.0990
4324,109986925,0.1024
4325,109650621,0.1021
4326,112706306,0.1050
4327,109717192,0.1022
4328,141609599,0.1319
4329,118847384,0.1107
4330,89434789,0.0833
4331,89450289,0.0833
4332,101051322,0.0941
4333,122815364,0.1144
4334,130795482,0.1218
4335,129880215,0.1210
4336,151827166,0.1414
4337,103361026,0.0963
4338,75660251,0.0705
4339,196771045,0.1833
4340,179603949,0.1673
4341,140550726,0.1309
4342,89249965,0.0831
4343,91409990,0.0851
4344,136388799,0.1270
4345,118113486,0.1100
4346,133647068,0.1245
4347,105332892,0.0981
4348,59133931,0.0551
4349,21192390,0.0197
4350,144882025,0.1349
4351,112842187,0.1051
4352,88625632,0.0825
4353,81200617,0.0756
4354,127855020,0.1191
4355,125392458,0.1168
4356,107259437,0.0999
4357,87935045,0.0819
4358,122924044,0.1145
4359,102257216,0.0952
4360,101060004,0.0941
4361,104584914,0.0974
4362,137009918,0.1276
4363,44732082,0.0417
4364,77498767,0.0722
4365,140036607,0.1304
4366,110412677,0.1028
4367,105394535,0.0982
4368,109886949,0.1023
4369,100896730,0.0940
4370,86943572,0.0810
4371,108680014,0.1012
4372,119753466,0.1115
4373,104756670,0.0976
4374,101221795,0.0943
4375,103548114,0.0964
4376,104055987,0.0969
4377,119698795,0.1115
4378,111865024,0.1042
4379,102747747,0.0957
4380,109368357,0.1019
4381,67455267,0.0628
4382,74755788,0.0696
4383,83968315,0.0782
4384,83966398,0.0782
4385,127549789,0.1188
4386,137167064,0.1277
4387,148882256,0.1387
4388,130029093,0.1211
4389,66035632,0.0615
4390,105260605,0.0980
4391,66385678,0.0618
4392,71614687,0.0667
4393,114066418,0.1062
4394,122763392,0.1143
4395,141699692,0.1320
4396,152181671,0.1417
4397,106518532,0.0992
4398,123325837,0.1149
4399,99534073,0.0927
4400,93011773,0.0866
4401,111404034,0.1038
4402,140527573,0.1309
4403,135685856,0.1264
4404,156494700,0.1457
4405,137939640,0.1285
4406,146867298,0.1368
4407,123872901,0.1154
4408,112486558,0.1048
4409,89762343,0.0836
4410,122414763,0.1140
4411,129045982,0.1202
4412,109384646,0.1019
4413,106454079,0.0991
4414,69671736,0.0649
4415,54791006,0.0510
4416,51700670,0.0482
4417,86215866,0.0803
4418,111079183,0.1035
4419,79921945,0.0744
4420,101157384,0.0942
4421,117354761,0.1093
4422,111552297,0.1039
4423,109139823,0.1016
4424,124337133,0.1158
4425,109180464,0.1017
4426,42398454,0.0395
4427,37765778,0.0352
4428,76597488,0.0713
4429,133452030,0.1243
4430,125077766,0.1165
4431,114053949,0.1062
4432,122330463,0.1139
4433,157488865,0.1467
4434,137625011,0.1282
4435,129483542,0.1206
4436,114136947,0.1063
4437,124407488,0.1159
4438,110592280,0.1030
4439,96445869,0.0898
4440,120762292,0.1125
4441,133360969,0.1242
4442,142911016,0.1331
4443,125489446,0.1169
4444,123778716,0.1153
4445,108644396,0.1012
4446,123196772,0.1147
4447,117699113,0.1096
4448,112125581,0.1044
4449,142373874,0.1326
4450,115159880,0.1073
4451,95268543,0.0887
4452,98663613,0.0919
4453,119538804,0.1113
4454,127192650,0.1185
4455,147523665,0.1374
4456,189784091,0.1768
4457,247702724,0.2307
4458,123539593,0.1151
4459,148455926,0.1383
4460,109829032,0.1023
4461,138142785,0.1287
4462,115396456,0.1075
4463,118193695,0.1101
4464,134536370,0.1253
4465,135451266,0.1261
4466,117124598,0.1091
4467,107798806,0.1004
4468,79758005,0.0743
4469,73034137,0.0680
4470,101192725,0.0942
4471,108365895,0.1009
4472,99025877,0.0922
4473,128533110,0.1197
4474,124311407,0.1158
4475,134687707,0.1254
4476,116402100,0.1084
4477,128082596,0.1193
4478,69414549,0.0646
4479,55018974,0.0512
4480,101386870,0.0944
4481,90921384,0.0847
4482,42546306,0.0396
4483,77577634,0.0722
4484,79166381,0.0737
4485,69687447,0.0649
4486,95460563,0.0889
4487,118633256,0.1105
4488,115450177,0.1075
4489,102953747,0.0959
4490,57465992,0.0535
4491,82137960,0.0765
4492,83784153,0.0780
4493,94496649,0.0880
4494,57539594,0.0536
4495,50834924,0.0473
4496,66196429,0.0617
4497,106900842,0.0996
4498,105690047,0.0984
4499,113795050,0.1060
4500,92500884,0.0861
4501,106845397,0.0995
4502,132544881,0.1234
4503,82394221,0.0767
4504,101018154,0.0941
4505,116100075,0.1081
4506,125615461,0.1170
4507,98702927,0.0919
4508,71479881,0.0666
4509,67080319,0.0625
4510,110509832,0.1029
4511,131094758,0.1221
4512,119010324,0.1108
4513,137540600,0.1281
4514,112552689,0.1048
4515,105247057,0.0980
4516,107602079,0.1002
4517,93190628,0.0868
4518,134426237,0.1252
4519,74315447,0.0692
4520,75702233,0.0705
4521,82703668,0.0770
4522,134888548,0.1256
4523,98457251,0.0917
4524,117819576,0.1097
4525,123602326,0.1151
4526,110615145,0.1030
4527,121407679,0.1131
4528,71201120,0.0663
4529,96166146,0.0896
4530,52070704,0.0485
4531,86058734,0.0801
4532,92790178,0.0864
4533,86327534,0.0804
4534,55967889,0.0521
4535,105498495,0.0983
4536,135115766,0.1258
4537,90954138,0.0847
4538,132223167,0.1231
4539,92043283,0.0857
4540,108006541,0.1006
4541,61886259,0.0576
4542,59750093,0.0556
4543,96376716,0.0898
4544,84788891,0.0790
4545,103369817,0.0963
4546,115118694,0.1072
4547,80781130,0.0752
4548,131182535,0.1222
4549,132328279,0.1232
4550,91996169,0.0857
4551,113860296,0.1060
4552,69921493,0.0651
4553,108174687,0.1007
4554,105941574,0.0987
4555,70297164,0.0655
4556,129742358,0.1208
4557,93789882,0.0873
4558,66100437,0.0616
4559,117771477,0.1097
4560,127648047,0.1189
4561,121238662,0.1129
4562,120314196,0.1121
4563,110856357,0.1032
4564,93087723,0.0867
4565,78466578,0.0731
4566,54181591,0.0505
4567,81783582,0.0762
4568,62601285,0.0583
4569,111786717,0.1041
4570,133832084,0.1246
4571,77700403,0.0724
4572,88168575,0.0821
4573,114542944,0.1067
4574,89705815,0.0835
4575,79232180,0.0738
4576,60766108,0.0566
4577,54977493,0.0512
4578,88417145,0.0823
4579,42027737,0.0391
4580,35788408,0.0333
4581,39092316,0.0364
4582,45947941,0.0428
4583,40364073,0.0376
4584,59400139,0.0553
4585,58465926,0.0545
4586,57968541,0.0540
4587,65164394,0.0607
4588,47048135,0.0438
4589,37225903,0.0347
4590,96713960,0.0901
4591,65272797,0.0608
4592,73504764,0.0685
4593,58685264,0.0547
4594,75055413,0.0699
4595,72752600,0.0678
4596,81340006,0.0758
4597,97415483,0.0907
4598,35403770,0.0330
4599,45693858,0.0426
4600,33532268,0.0312
4601,40850804,0.0380
4602,79949274,0.0745
4603,109995044,0.1024
4604,107644234,0.1003
4605,63447910,0.0591
4606,61693990,0.0575
4607,31013141,0.0289
4608,60265082,0.0561
4609,163491860,0.1523
4610,142237787,0.1325
4611,102228875,0.0952
4612,100272171,0.0934
4613,96868575,0.0902
4614,51408957,0.0479
4615,77140899,0.0718
4616,62829413,0.0585
4617,50930087,0.0474
4618,85556527,0.0797
4619,70870529,0.0660
4620,56088359,0.0522
4621,52991841,0.0494
4622,107503846,0.1001
4623,116279636,0.1083
4624,95103176,0.0886
4625,96208512,0.0896
4626,130108206,0.1212
4627,69804770,0.0650
4628,77032834,0.0717
4629,54344136,0.0506
4630,96810167,0.0902
4631,58245211,0.0542
4632,86800945,0.0808
4633,99914679,0.0931
4634,82235508,0.0766
4635,118834620,0.1107
4636,84584763,0.0788
4637,89886199,0.0837
4638,32582503,0.0303
4639,30401946,0.0283
4640,47806836,0.0445
4641,87052679,0.0811
4642,81580841,0.0760
4643,90888413,0.0846
4644,91860682,0.0856
4645,158558886,0.1477
4646,256411047,0.2388
4647,162699896,0.1515
4648,170933361,0.1592
4649,76649748,0.0714
4650,40028607,0.0373
4651,43064593,0.0401
4652,90946052,0.0847
4653,67531654,0.0629
4654,79189858,0.0738
4655,811017661,0.7553
4656,954866359,0.8893
4657,861074266,0.8019
4658,787833067,0.7337
4659,636579639,0.5929
4660,713083731,0.6641
4661,761339543,0.7091
4662,646058890,0.6017
4663,718725685,0.6694
4664,498367038,0.4641
4665,534424848,0.4977
4666,618371324,0.5759
4667,543521342,0.5062
4668,470570435,0.4383
4669,406016373,0.3781
4670,480927700,0.4479
4671,486678177,0.4533
4672,408989287,0.3809
4673,412659612,0.3843
4674,451897955,0.4209
4675,414436783,0.3860
4676,292633377,0.2725
4677,377257862,0.3513
4678,385222731,0.3588
4679,361412739,0.3366
4680,306542261,0.2855
4681,311062403,0.2897
4682,339266519,0.3160
4683,358574888,0.3339
4684,331126568,0.3084
4685,397565147,0.3703
4686,344594922,0.3209
4687,265463970,0.2472
4688,366533627,0.3414
4689,313739287,0.2922
4690,384485858,0.3581
4691,422758064,0.3937
4692,346906846,0.3231
4693,382845495,0.3566
4694,329703718,0.3071
4695,353624639,0.3293
4696,297384000,0.2770
4697,296115932,0.2758
4698,346032146,0.3223
4699,276725269,0.2577
4700,244130037,0.2274
4701,325504945,0.3032
4702,331112228,0.3084
4703,318519595,0.2966
4704,317091615,0.2953
4705,279333976,0.2602
4706,199959277,0.1862
4707,209854882,0.1954
4708,326747043,0.3043
4709,268617018,0.2502
4710,317162627,0.2954
4711,269637838,0.2511
4712,286307914,0.2666
4713,306637141,0.2856
4714,290704398,0.2707
4715,297516448,0.2771
4716,288327646,0.2685
4717,330714597,0.3080
4718,260840838,0.2429
4719,237060293,0.2208
4720,216523870,0.2017
4721,296491482,0.2761
4722,296901224,0.2765
4723,324099663,0.3018
4724,263573340,0.2455
4725,204794012,0.1907
4726,269820077,0.2513
4727,264299996,0.2461
4728,141079570,0.1314
4729,274771270,0.2559
4730,310688199,0.2894
4731,217745556,0.2028
4732,195054894,0.1817
4733,230877919,0.2150
4734,253386374,0.2360
4735,246090000,0.2292
4736,294258775,0.2740
4737,246202503,0.2293
4738,242361737,0.2257
4739,213772337,0.1991
4740,245474702,0.2286
4741,201176477,0.1874
4742,235551653,0.2194
4743,277664039,0.2586
4744,75909632,0.0707
4745,87037477,0.0811
4746,97004298,0.0903
4747,55688679,0.0519
4748,50101273,0.0467
4749,53105482,0.0495
4750,41922723,0.0390
4751,47187897,0.0439
4752,50568550,0.0471
4753,75117952,0.0700
4754,119581012,0.1114
4755,131170724,0.1222
4756,111324701,0.1037
4757,157524235,0.1467
4758,34474297,0.0321
4759,62444003,0.0582
4760,49133250,0.0458
4761,28527367,0.0266
4762,30791981,0.0287
4763,56897045,0.0530
4764,192280421,0.1791
4765,130839382,0.1219
4766,149382693,0.1391
4767,110053551,0.1025
4768,134043315,0.1248
4769,165088077,0.1538
4770,190368623,0.1773
4771,182508047,0.1700
4772,152092871,0.1416
4773,180087539,0.1677
4774,194458748,0.1811
4775,193593890,0.1803
4776,192546625,0.1793
4777,236217476,0.2200
4778,185861477,0.1731
4779,189658783,0.1766
4780,277629686,0.2586
4781,225610645,0.2101
4782,173985132,0.1620
4783,187203975,0.1743
4784,122498265,0.1141
4785,120863853,0.1126
4786,118645291,0.1105
4787,148281237,0.1381
4788,121835063,0.1135
4789,104802726,0.0976
4790,93955636,0.0875
4791,61867909,0.0576
4792,97169842,0.0905
4793,100934593,0.0940
4794,137078914,0.1277
4795,74515671,0.0694
4796,70622391,0.0658
4797,82683546,0.0770
4798,75599245,0.0704
4799,80933096,0.0754
4800,88358443,0.0823
4801,68374235,0.0637
4802,63517787,0.0592
4803,62819304,0.0585
4804,68155948,0.0635
4805,88235463,0.0822
4806,101971854,0.0950
4807,121381150,0.1130
4808,69778680,0.0650
4809,82654194,0.0770
4810,108990404,0.1015
4811,154248042,0.1437
4812,188073571,0.1752
4813,157668625,0.1468
4814,124280105,0.1157
4815,242366274,0.2257
4816,142303268,0.1325
4817,127497363,0.1187
4818,161311952,0.1502
4819,158387147,0.1475
4820,179308108,0.1670
4821,256621902,0.2390
4822,201955415,0.1881
4823,247869694,0.2308
4824,161444249,0.1504
4825,140859807,0.1312
4826,222368473,0.2071
4827,204184880,0.1902
4828,124357358,0.1158
4829,182164580,0.1697
4830,190826324,0.1777
4831,171127579,0.1594
4832,146525810,0.1365
4833,189438791,0.1764
4834,182579256,0.1700
4835,186757077,0.1739
4836,154237273,0.1436
4837,73225258,0.0682
4838,110321183,0.1027
4839,92995291,0.0866
4840,199554311,0.1858
4841,173635767,0.1617
4842,164532721,0.1532
4843,174712353,0.1627
4844,117561670,0.1095
4845,187416427,0.1745
4846,184969387,0.1723
4847,149861343,0.1396
4848,74733818,0.0696
4849,101337066,0.0944
4850,60854405,0.0567
4851,75758754,0.0706
4852,96541505,0.0899
4853,119554718,0.1113
4854,96401671,0.0898
4855,73130193,0.0681
4856,152611480,0.1421
4857,156397046,0.1457
4858,152454200,0.1420
4859,228006457,0.2123
4860,188509211,0.1756
4861,111316789,0.1037
4862,115566466,0.1076
4863,67007107,0.0624
4864,60433021,0.0563
4865,147201132,0.1371
4866,118606445,0.1105
4867,163557834,0.1523
4868,170701579,0.1590
4869,126480766,0.1178
4870,184504325,0.1718
4871,210743931,0.1963
4872,134724262,0.1255
4873,114153542,0.1063
4874,98293366,0.0915
4875,188750111,0.1758
4876,164213206,0.1529
4877,153375547,0.1428
4878,105219305,0.0980
4879,109734452,0.1022
4880,146879015,0.1368
4881,133302400,0.1241
4882,75248600,0.0701
4883,100105439,0.0932
4884,98460151,0.0917
4885,82146205,0.0765
4886,74467893,0.0694
4887,79698713,0.0742
4888,104964091,0.0978
4889,43624786,0.0406
4890,59560165,0.0555
4891,139574109,0.1300
4892,98204718,0.0915
4893,50840456,0.0473
4894,42478212,0.0396
4895,57859829,0.0539
4896,67520230,0.0629
4897,108704444,0.1012
4898,118457163,0.1103
4899,126960534,0.1182
4900,118562780,0.1104
4901,108712776,0.1012
4902,158367418,0.1475
4903,150116081,0.1398
4904,103153957,0.0961
4905,133459341,0.1243
4906,122592160,0.1142
4907,71171966,0.0663
4908,75909460,0.0707
4909,104991574,0.0978
4910,80231194,0.0747
4911,123856085,0.1153
4912,80315340,0.0748
4913,72445477,0.0675
4914,78371348,0.0730
4915,81214315,0.0756
4916,114243770,0.1064
4917,85358681,0.0795
4918,38995149,0.0363
4919,35788442,0.0333
4920,41877013,0.0390
4921,60717563,0.0565
4922,26910789,0.0251
4923,63995825,0.0596
4924,128636860,0.1198
4925,73753852,0.0687
4926,88618012,0.0825
4927,73728057,0.0687
4928,75247364,0.0701
4929,123630825,0.1151
4930,123458809,0.1150
4931,166849933,0.1554
4932,155901315,0.1452
4933,147735048,0.1376
4934,123222885,0.1148
4935,182950998,0.1704
4936,129649734,0.1207
4937,111411911,0.1038
4938,156364447,0.1456
4939,195951421,0.1825
4940,208131708,0.1938
4941,123377006,0.1149
4942,184588216,0.1719
4943,157788358,0.1470
4944,161911320,0.1508
4945,108739271,0.1013
4946,85825984,0.0799
4947,75481832,0.0703
4948,74366194,0.0693
4949,88308629,0.0822
4950,98916306,0.0921
4951,121765534,0.1134
4952,108561612,0.1011
4953,78514719,0.0731
4954,123433183,0.1150
4955,130739548,0.1218
4956,103263687,0.0962
4957,167811586,0.1563
4958,93303672,0.0869
4959,158323606,0.1475
4960,124782058,0.1162
4961,88107636,0.0821
4962,107172725,0.0998
4963,62789283,0.0585
4964,85550883,0.0797
4965,62979049,0.0587
4966,64832359,0.0604
4967,75400398,0.0702
4968,79367796,0.0739
4969,74879228,0.0697
4970,73541761,0.0685
4971,48671121,0.0453
4972,71659262,0.0667
4973,67409525,0.0628
4974,35089753,0.0327
4975,39891219,0.0372
4976,40713819,0.0379
4977,39626440,0.0369
4978,47082540,0.0438
4979,34770063,0.0324
4980,120573806,0.1123
4981,128571398,0.1197
4982,89599307,0.0834
4983,85478385,0.0796
4984,90312102,0.0841
4985,75838134,0.0706
4986,70622670,0.0658
4987,63733153,0.0594
4988,96708226,0.0901
4989,99033020,0.0922
4990,113791033,0.1060
4991,150172954,0.1399
4992,150966663,0.1406
4993,149877766,0.1396
4994,78163707,0.0728
4995,139032136,0.1295
4996,186192940,0.1734
4997,161793944,0.1507
4998,153727830,0.1432
4999,166174401,0.1548
5000,149774227,0.1395
5001,98814270,0.0920
5002,65778043,0.0613
5003,65713311,0.0612
5004,74398577,0.0693
5005,130958029,0.1220
5006,196330334,0.1828
5007,189879933,0.1768
5008,169071871,0.1575
5009,131034999,0.1220
5010,74322573,0.0692
5011,73445894,0.0684
5012,84690252,0.0789
5013,90147797,0.0840
5014,88440591,0.0824
5015,79591706,0.0741
5016,59774397,0.0557
5017,73417806,0.0684
5018,58397229,0.0544
5019,108481684,0.1010
5020,137935284,0.1285
5021,151417272,0.1410
5022,150267204,0.1399
5023,123350077,0.1149
5024,212275692,0.1977
5025,139070033,0.1295
5026,112180204,0.1045
5027,161441293,0.1504
5028,102393463,0.0954
5029,97734062,0.0910
5030,158917302,0.1480
5031,102855021,0.0958
5032,173750079,0.1618
5033,145681279,0.1357
5034,164429675,0.1531
5035,159087851,0.1482
5036,139918605,0.1303
5037,110090492,0.1025
5038,124906091,0.1163
5039,140737555,0.1311
5040,138605962,0.1291
5041,135950906,0.1266
5042,168711869,0.1571
5043,170719879,0.1590
5044,174137494,0.1622
5045,174146662,0.1622
5046,142268333,0.1325
5047,168625795,0.1570
5048,143840897,0.1340
5049,92832604,0.0865
5050,156435639,0.1457
5051,148014084,0.1378
5052,179972300,0.1676
5053,156000232,0.1453
5054,60930874,0.0567
5055,107691490,0.1003
5056,86635621,0.0807
5057,53102540,0.0495
5058,93912944,0.0875
5059,66127674,0.0616
5060,112434345,0.1047
5061,164040888,0.1528
5062,157171799,0.1464
5063,150764429,0.1404
5064,76481310,0.0712
5065,65030841,0.0606
5066,45965873,0.0428
5067,117106253,0.1091
5068,54369706,0.0506
5069,44273791,0.0412
5070,44811479,0.0417
5071,45818827,0.0427
5072,95908447,0.0893
5073,62194319,0.0579
5074,108694665,0.1012
5075,118350794,0.1102
5076,125280203,0.1167
5077,123414184,0.1149
5078,68936708,0.0642
5079,76253310,0.0710
5080,109031553,0.1015
5081,124567500,0.1160
5082,128561541,0.1197
5083,137071321,0.1277
5084,104288373,0.0971
5085,79795067,0.0743
5086,61408938,0.0572
5087,55388348,0.0516
5088,144790641,0.1348
5089,67195517,0.0626
5090,40912108,0.0381
5091,27338679,0.0255
5092,98753032,0.0920
5093,90369120,0.0842
5094,60466925,0.0563
5095,35429630,0.0330
5096,78521744,0.0731
5097,73170966,0.0681
5098,101027113,0.0941
5099,99498180,0.0927
5100,76125954,0.0709
5101,94071499,0.0876
5102,57285850,0.0534
5103,94107000,0.0876
5104,105145399,0.0979
5105,59106677,0.0550
5106,63951642,0.0596
5107,86852944,0.0809
5108,71917401,0.0670
5109,75988047,0.0708
5110,88644847,0.0826
5111,89294664,0.0832
5112,86692142,0.0807
5113,98769797,0.0920
5114,87562081,0.0815
5115,83397318,0.0777
5116,77225012,0.0719
5117,63199702,0.0589
5118,64697427,0.0603
5119,62007960,0.0577
5120,102057664,0.0950
5121,116490812,0.1085
5122,102502740,0.0955
5123,99993526,0.0931
5124,91866937,0.0856
5125,100805457,0.0939
5126,99184959,0.0924
5127,99515394,0.0927
5128,86210040,0.0803
5129,82769606,0.0771
5130,86627900,0.0807
5131,98568011,0.0918
5132,77316876,0.0720
5133,71835889,0.0669
5134,80054689,0.0746
5135,72102551,0.0672
5136,80348368,0.0748
5137,86243319,0.0803
5138,67614954,0.0630
5139,81397635,0.0758
5140,74898854,0.0698
5141,69422095,0.0647
5142,72710246,0.0677
5143,91763878,0.0855
5144,77896375,0.0725
5145,68968483,0.0642
5146,57077048,0.0532
5147,61913629,0.0577
5148,72430463,0.0675
5149,86043061,0.0801
5150,79230802,0.0738
5151,73832350,0.0688
5152,103268527,0.0962
5153,68881791,0.0642
5154,63796337,0.0594
5155,92686956,0.0863
5156,87209674,0.0812
5157,88829032,0.0827
5158,76868199,0.0716
5159,67208263,0.0626
5160,67540802,0.0629
5161,68884056,0.0642
5162,68530146,0.0638
5163,72158873,0.0672
5164,81837334,0.0762
5165,62423769,0.0581
5166,64930408,0.0605
5167,54545822,0.0508
5168,67058154,0.0625
5169,68916984,0.0642
5170,70242419,0.0654
5171,59314976,0.0552
5172,48697126,0.0454
5173,52380984,0.0488
5174,52922175,0.0493
5175,50385267,0.0469
5176,54047451,0.0503
5177,48060806,0.0448
5178,48153037,0.0448
5179,44177174,0.0411
5180,49864012,0.0464
5181,53483824,0.0498
5182,99002006,0.0922
5183,84464476,0.0787
5184,80517921,0.0750
5185,74787515,0.0697
5186,80803347,0.0753
5187,71927260,0.0670
5188,79989736,0.0745
5189,76306498,0.0711
5190,87971308,0.0819
5191,73791910,0.0687
5192,88621569,0.0825
5193,91268592,0.0850
5194,81433047,0.0758
5195,94606037,0.0881
5196,87610369,0.0816
5197,86596721,0.0806
5198,90043910,0.0839
5199,88523418,0.0824
5200,85287248,0.0794
5201,124197471,0.1157
5202,134430213,0.1252
5203,105006537,0.0978
5204,107994111,0.1006
5205,77470659,0.0722
5206,83336949,0.0776
5207,84448101,0.0786
5208,79288588,0.0738
5209,92414040,0.0861
5210,95218436,0.0887
5211,98906087,0.0921
5212,89682864,0.0835
5213,94329258,0.0879
5214,92323333,0.0860
5215,96880344,0.0902
5216,94062265,0.0876
5217,99207127,0.0924
5218,97256749,0.0906
5219,108629693,0.1012
5220,104570595,0.0974
5221,105779898,0.0985
5222,97327043,0.0906
5223,98850444,0.0921
5224,99503152,0.0927
5225,99223062,0.0924
5226,100230266,0.0933
5227,95198444,0.0887
5228,105990687,0.0987
5229,94641722,0.0881
5230,107903066,0.1005
5231,100178833,0.0933
5232,101935440,0.0949
5233,108626810,0.1012
5234,98547987,0.0918
5235,97298905,0.0906
5236,101558621,0.0946
5237,107417635,0.1000
5238,101115609,0.0942
5239,96452551,0.0898
5240,94815081,0.0883
5241,94891111,0.0884
5242,101689525,0.0947
5243,115531196,0.1076
5244,65025454,0.0606
5245,102553204,0.0955
5246,107361175,0.1000
5247,106944910,0.0996
5248,104383083,0.0972
5249,105385510,0.0981
5250,106404608,0.0991
5251,105347984,0.0981
5252,109669626,0.1021
5253,109565071,0.1020
5254,106056529,0.0988
5255,107709953,0.1003
5256,109674609,0.1021
5257,108924496,0.1014
5258,111979520,0.1043
5259,143153637,0.1333
5260,116496373,0.1085
5261,91705252,0.0854
5262,90612433,0.0844
5263,99978161,0.0931
5264,123132126,0.1147
5265,129041138,0.1202
5266,128993339,0.1201
5267,151902422,0.1415
5268,111854719,0.1042
5269,76092251,0.0709
5270,189200352,0.1762
5271,178301530,0.1661
5272,143998357,0.1341
5273,86314830,0.0804
5274,87416774,0.0814
5275,136982993,0.1276
5276,117739095,0.1097
5277,133215055,0.1241
5278,108006957,0.1006
5279,61468339,0.0572
5280,20170667,0.0188
5281,141221741,0.1315
5282,113560857,0.1058
5283,87364187,0.0814
5284,83259842,0.0775
5285,129406680,0.1205
5286,129422796,0.1205
5287,105579389,0.0983
5288,90045314,0.0839
5289,117508805,0.1094
5290,108498226,0.1010
5291,105474764,0.0982
5292,105434540,0.0982
5293,133317665,0.1242
5294,42428706,0.0395
5295,83409399,0.0777
5296,133348228,0.1242
5297,118198629,0.1101
5298,104274741,0.0971
5299,102892602,0.0958
5300,113258870,0.1055
5301,84086886,0.0783
5302,103795972,0.0967
5303,124022893,0.1155
5304,106197402,0.0989
5305,97936705,0.0912
5306,106483257,0.0992
5307,102063849,0.0951
5308,115742772,0.1078
5309,112842083,0.1051
5310,103577731,0.0965
5311,106192155,0.0989
5312,72035075,0.0671
5313,70275113,0.0654
5314,90593903,0.0844
5315,84187104,0.0784
5316,117714485,0.1096
5317,136911493,0.1275
5318,149461589,0.1392
5319,138285644,0.1288
5320,67017647,0.0624
5321,109338838,0.1018
5322,66125274,0.0616
5323,72415998,0.0674
5324,109337600,0.1018
5325,115544910,0.1076
5326,137983807,0.1285
5327,160227182,0.1492
5328,110356512,0.1028
5329,126968230,0.1182
5330,94085503,0.0876
5331,96583781,0.0900
5332,105729948,0.0985
5333,138359819,0.1289
5334,141682918,0.1320
5335,149930395,0.1396
5336,134131777,0.1249
5337,147468087,0.1373
5338,130815551,0.1218
5339,109904419,0.1024
5340,95885298,0.0893
5341,111626840,0.1040
5342,132216572,0.1231
5343,111005658,0.1034
5344,113421690,0.1056
5345,73248544,0.0682
5346,51493470,0.0480
5347,53377934,0.0497
5348,77441369,0.0721
5349,111790399,0.1041
5350,80815464,0.0753
5351,102887243,0.0958
5352,106464521,0.0992
5353,123625951,0.1151
5354,105343824,0.0981
5355,125040845,0.1165
5356,119328577,0.1111
5357,39572667,0.0369
5358,36881661,0.0343
5359,55715895,0.0519
5360,142439830,0.1327
5361,123173859,0.1147
5362,110008324,0.1025
5363,115874084,0.1079
5364,159314451,0.1484
5365,137006328,0.1276
5366,134932686,0.1257
5367,116518805,0.1085
5368,123706733,0.1152
5369,117878081,0.1098
5370,87979602,0.0819
5371,113830250,0.1060
5372,137700374,0.1282
5373,140704312,0.1310
5374,127172448,0.1184
5375,132484150,0.1234
5376,100225512,0.0933
5377,129834399,0.1209
5378,114412489,0.1066
5379,132645124,0.1235
5380,121921298,0.1135
5381,115052304,0.1072
5382,103744992,0.0966
5383,89565503,0.0834
5384,119669905,0.1115
5385,123024194,0.1146
5386,137734011,0.1283
5387,177535148,0.1653
5388,265581981,0.2473
5389,127397703,0.1186
5390,125676511,0.1170
5391,128667643,0.1198
5392,127063358,0.1183
5393,123426211,0.1149
5394,130314547,0.1214
5395,122916169,0.1145
5396,134435656,0.1252
5397,110858873,0.1032
5398,120156992,0.1119
5399,84894813,0.0791
5400,72778898,0.0678
5401,96820172,0.0902
5402,99062165,0.0923
5403,107599989,0.1002
5404,111714383,0.1040
5405,136154068,0.1268
5406,126532747,0.1178
5407,121675433,0.1133
5408,115993037,0.1080
5409,84945491,0.0791
5410,61901203,0.0576
5411,93329873,0.0869
5412,95751455,0.0892
5413,50467773,0.0470
5414,68888417,0.0642
5415,79218037,0.0738
5416,77966023,0.0726
5417,87023680,0.0810
5418,115856018,0.1079
5419,112847167,0.1051
5420,106284349,0.0990
5421,71350338,0.0665
5422,77225303,0.0719
5423,80260929,0.0747
5424,88179252,0.0821
5425,69209733,0.0645
5426,53850605,0.0502
5427,57522452,0.0536
5428,105848911,0.0986
5429,105942434,0.0987
5430,115295487,0.1074
5431,100219647,0.0933
5432,93412079,0.0870
5433,139717401,0.1301
5434,87068978,0.0811
5435,98450791,0.0917
5436,114756660,0.1069
5437,127028872,0.1183
5438,102620730,0.0956
5439,73692413,0.0686
5440,68482964,0.0638
5441,105498662,0.0983
5442,134757875,0.1255
5443,112766199,0.1050
5444,135034030,0.1258
5445,118386338,0.1103
5446,101239219,0.0943
5447,108044545,0.1006
5448,98920565,0.0921
5449,120995200,0.1127
5450,91128456,0.0849
5451,69782946,0.0650
5452,82075622,0.0764
5453,132862231,0.1237
5454,104241836,0.0971
5455,106805389,0.0995
5456,125399766,0.1168
5457,106026234,0.0987
5458,123297633,0.1148
5459,77060332,0.0718
5460,90566067,0.0843
5461,56771695,0.0529
5462,80363591,0.0748
5463,83765062,0.0780
5464,99200903,0.0924
5465,59317816,0.0552
5466,83507832,0.0778
5467,142480981,0.1327
5468,91311289,0.0850
5469,131282821,0.1223
5470,99301658,0.0925
5471,103474227,0.0964
5472,64999780,0.0605
5473,51566362,0.0480
5474,98324549,0.0916
5475,80782451,0.0752
5476,96430771,0.0898
5477,125830306,0.1172
5478,77224379,0.0719
5479,118205627,0.1101
5480,137517219,0.1281
5481,88299074,0.0822
5482,122166879,0.1138
5483,71348252,0.0664
5484,106924530,0.0996
5485,106361101,0.0991
5486,67671421,0.0630
5487,119940528,0.1117
5488,105100257,0.0979
5489,55813415,0.0520
5490,115682666,0.1077
5491,126116338,0.1175
5492,126126022,0.1175
5493,117011219,0.1090
5494,121658961,0.1133
5495,89719706,0.0836
5496,91083148,0.0848
5497,53536826,0.0499
5498,71409924,0.0665
5499,71082381,0.0662
5500,94797499,0.0883
5501,138914123,0.1294
5502,75664212,0.0705
5503,110802855,0.1032
5504,94192139,0.0877
5505,91618096,0.0853
5506,94981739,0.0885
5507,53505497,0.0498
5508,47608863,0.0443
5509,101283207,0.0943
5510,39898683,0.0372
5511,32695112,0.0304
5512,43130487,0.0402
5513,40996942,0.0382
5514,47895735,0.0446
5515,54419801,0.0507
5516,57645193,0.0537
5517,57275630,0.0533
5518,69651586,0.0649
5519,50383447,0.0469
5520,39125564,0.0364
5521,87149535,0.0812
5522,70511646,0.0657
5523,69690696,0.0649
5524,63066863,0.0587
5525,67671348,0.0630
5526,69994202,0.0652
5527,78071605,0.0727
5528,106619929,0.0993
5529,33241101,0.0310
5530,43630619,0.0406
5531,34932721,0.0325
5532,31930831,0.0297
5533,84596476,0.0788
5534,108020033,0.1006
5535,111459465,0.1038
5536,62824560,0.0585
5537,69432094,0.0647
5538,22801614,0.0212
5539,56843094,0.0529
5540,157260215,0.1465
5541,151824253,0.1414
5542,105874329,0.0986
5543,94955493,0.0884
5544,98933031,0.0921
5545,59219324,0.0552
5546,76826772,0.0716
5547,66660823,0.0621
5548,51358004,0.0478
5549,78511509,0.0731
5550,69104456,0.0644
5551,56753458,0.0529
5552,54146924,0.0504
5553,102037415,0.0950
5554,111481628,0.1038
5555,101066229,0.0941
5556,92144532,0.0858
5557,125539817,0.1169
5558,74267051,0.0692
5559,77503543,0.0722
5560,52781029,0.0492
5561,92752734,0.0864
5562,59434380,0.0554
5563,89261538,0.0831
5564,93115281,0.0867
5565,81823421,0.0762
5566,117177397,0.1091
5567,84432240,0.0786
5568,87188704,0.0812
5569,41809209,0.0389
5570,29952531,0.0279
5571,41047312,0.0382
5572,82701151,0.0770
5573,84984578,0.0791
5574,90984246,0.0847
5575,87790810,0.0818
5576,128981979,0.1201
5577,267236207,0.2489
5578,184014310,0.1714
5579,164907232,0.1536
5580,83682782,0.0779
5581,35495239,0.0331
5582,44575203,0.0415
5583,83520502,0.0778
5584,73477428,0.0684
5585,83961563,0.0782
5586,743258663,0.6922
5587,1010896202,0.9415
5588,851668241,0.7932
5589,712782714,0.6638
5590,749851063,0.6984
5591,644979739,0.6007
5592,782873105,0.7291
5593,645984706,0.6016
5594,732560603,0.6823
5595,498525127,0.4643
5596,528008660,0.4917
5597,640483468,0.5965
5598,529642706,0.4933
5599,485338936,0.4520
5600,411914355,0.3836
5601,444736843,0.4142
5602,505182371,0.4705
5603,418117953,0.3894
5604,399457832,0.3720
5605,452200759,0.4211
5606,436067867,0.4061
5607,320685309,0.2987
5608,367839466,0.3426
5609,370043006,0.3446
5610,388165129,0.3615
5611,308079587,0.2869
5612,295985158,0.2757
5613,333830188,0.3109
5614,348720512,0.3248
5615,336163252,0.3131
5616,374796207,0.3491
5617,378298489,0.3523
5618,246245434,0.2293
5619,369234041,0.3439
5620,307386451,0.2863
5621,382580406,0.3563
5622,432433124,0.4027
5623,333691150,0.3108
5624,396136683,0.3689
5625,348320304,0.3244
5626,344498673,0.3208
5627,317672206,0.2959
5628,282238620,0.2629
5629,337396111,0.3142
5630,288737830,0.2689
5631,258126666,0.2404
5632,308312375,0.2871
5633,327417300,0.3049
5634,318552248,0.2967
5635,306651722,0.2856
5636,286662619,0.2670
5637,244559400,0.2278
5638,172916064,0.1610
5639,328870045,0.3063
5640,287976302,0.2682
5641,293841211,0.2737
5642,291560455,0.2715
5643,295580576,0.2753
5644,282745343,0.2633
5645,290153200,0.2702
5646,319540221,0.2976
5647,281021263,0.2617
5648,322640151,0.3005
5649,270251742,0.2517
5650,239674292,0.2232
5651,215392512,0.2006
5652,297716900,0.2773
5653,289149901,0.2693
5654,335610099,0.3126
5655,270335834,0.2518
5656,191578567,0.1784
5657,281809125,0.2625
5658,277549254,0.2585
5659,157460102,0.1466
5660,234453115,0.2184
5661,316098558,0.2944
5662,227346178,0.2117
5663,197016945,0.1835
5664,228578814,0.2129
5665,252145842,0.2348
5666,229666537,0.2139
5667,295826647,0.2755
5668,250913954,0.2337
5669,243313562,0.2266
5670,227815264,0.2122
5671,236519898,0.2203
5672,218560767,0.2036
5673,229221361,0.2135
5674,270286259,0.2517
5675,126468090,0.1178
5676,81594585,0.0760
5677,85559601,0.0797
5678,71137041,0.0663
5679,50250275,0.0468
5680,56558649,0.0527
5681,41483344,0.0386
5682,48186855,0.0449
5683,52018522,0.0484
5684,58207296,0.0542
5685,132069068,0.1230
5686,126517244,0.1178
5687,96943108,0.0903
5688,169165806,0.1575
5689,34665598,0.0323
5690,60698432,0.0565
5691,54671662,0.0509
5692,28998080,0.0270
5693,31090462,0.0290
5694,32202054,0.0300
5695,190945949,0.1778
5696,136937112,0.1275
5697,153556481,0.1430
5698,108907930,0.1014
5699,129744774,0.1208
5700,156856558,0.1461
5701,180516882,0.1681
5702,202793879,0.1889
5703,147066520,0.1370
5704,164851030,0.1535
5705,197749474,0.1842
5706,189415465,0.1764
5707,187753435,0.1749
5708,231786574,0.2159
5709,186863737,0.1740
5710,209433251,0.1950
5711,254427041,0.2370
5712,240395311,0.2239
5713,181825808,0.1693
5714,205004295,0.1909
5715,105085384,0.0979
5716,148694730,0.1385
5717,115660143,0.1077
5718,134263000,0.1250
5719,151065527,0.1407
5720,86741409,0.0808
5721,104407987,0.0972
5722,68877852,0.0641
5723,67412936,0.0628
5724,116323208,0.1083
5725,129259122,0.1204
5726,93609929,0.0872
5727,69222058,0.0645
5728,74602860,0.0695
5729,79755923,0.0743
5730,78391327,0.0730
5731,89957953,0.0838
5732,73824847,0.0688
5733,67552388,0.0629
5734,58662546,0.0546
5735,69823202,0.0650
5736,74717761,0.0696
5737,83853609,0.0781
5738,127481529,0.1187
5739,86173072,0.0803
5740,79150697,0.0737
5741,125480417,0.1169
5742,67559887,0.0629
5743,217025291,0.2021
5744,192087506,0.1789
5745,123061626,0.1146
5746,235788024,0.2196
5747,148840953,0.1386
5748,144018071,0.1341
5749,130504815,0.1215
5750,145650341,0.1356
5751,170412274,0.1587
5752,264563556,0.2464
5753,191195939,0.1781
5754,275349295,0.2564
5755,161232510,0.1502
5756,143847133,0.1340
5757,203067984,0.1891
5758,209849509,0.1954
5759,133022919,0.1239
5760,186079475,0.1733
5761,197383579,0.1838
5762,184248573,0.1716
5763,152502859,0.1420
5764,141763389,0.1320
5765,207133124,0.1929
5766,188294353,0.1754
5767,157387811,0.1466
5768,105161141,0.0979
5769,98743446,0.0920
5770,73802587,0.0687
5771,206980485,0.1928
5772,161811876,0.1507
5773,170473846,0.1588
5774,156031504,0.1453
5775,149923434,0.1396
5776,157742336,0.1469
5777,194808397,0.1814
5778,160198983,0.1492
5779,100177719,0.0933
5780,104498081,0.0973
5781,76723453,0.0715
5782,64943095,0.0605
5783,92074396,0.0858
5784,122668951,0.1142
5785,112380862,0.1047
5786,52206310,0.0486
5787,116373288,0.1084
5788,169428234,0.1578
5789,128186867,0.1194
5790,226873039,0.2113
5791,207698427,0.1934
5792,168688379,0.1571
5793,115516236,0.1076
5794,82712948,0.0770
5795,37405389,0.0348
5796,113835669,0.1060
5797,147423592,0.1373
5798,147159158,0.1371
5799,153472686,0.1429
5800,154357454,0.1438
5801,137075826,0.1277
5802,196372398,0.1829
5803,183308476,0.1707
5804,110997498,0.1034
5805,95604040,0.0890
5806,136536679,0.1272
5807,191422045,0.1783
5808,159956554,0.1490
5809,127755346,0.1190
5810,105703829,0.0984
5811,85917002,0.0800
5812,172864337,0.1610
5813,123411573,0.1149
5814,63242145,0.0589
5815,103179876,0.0961
5816,94828341,0.0883
5817,77197495,0.0719
5818,80219305,0.0747
5819,97480849,0.0908
5820,61676679,0.0574
5821,32758915,0.0305
5822,132155492,0.1231
5823,133764199,0.1246
5824,51384896,0.0479
5825,45463732,0.0423
5826,59284376,0.0552
5827,39534094,0.0368
5828,106504167,0.0992
5829,114941451,0.1070
5830,126750202,0.1180
5831,104244383,0.0971
5832,133433121,0.1243
5833,149058875,0.1388
5834,138872608,0.1293
5835,117552644,0.1095
5836,126194475,0.1175
5837,122675940,0.1143
5838,107454976,0.1001
5839,75331329,0.0702
5840,105482842,0.0982
5841,55769827,0.0519
5842,123265729,0.1148
5843,101841636,0.0948
5844,67848967,0.0632
5845,77350983,0.0720
5846,87272057,0.0813
5847,87583559,0.0816
5848,114932772,0.1070
5849,43116961,0.0402
5850,41902831,0.0390
5851,32990440,0.0307
5852,57210621,0.0533
5853,37651955,0.0351
5854,34860203,0.0325
5855,139553843,0.1300
5856,77025187,0.0717
5857,88022724,0.0820
5858,82209060,0.0766
5859,67488464,0.0629
5860,113938026,0.1061
5861,123693427,0.1152
5862,124063567,0.1155
5863,184832397,0.1721
5864,145345890,0.1354
5865,134827172,0.1256
5866,161895502,0.1508
5867,155213804,0.1446
5868,113636139,0.1058
5869,123317861,0.1148
5870,204397013,0.1904
5871,203109985,0.1892
5872,154862621,0.1442
5873,140061326,0.1304
5874,176017834,0.1639
5875,175102097,0.1631
5876,130170348,0.1212
5877,97876089,0.0912
5878,65795839,0.0613
5879,78278098,0.0729
5880,76743633,0.0715
5881,103684129,0.0966
5882,107103218,0.0997
5883,109373134,0.1019
5884,92281025,0.0859
5885,102556330,0.0955
5886,142691256,0.1329
5887,99576160,0.0927
5888,165439665,0.1541
5889,101621047,0.0946
5890,140252749,0.1306
5891,126334388,0.1177
5892,108869432,0.1014
5893,94721176,0.0882
5894,81865582,0.0762
5895,89838528,0.0837
5896,65898900,0.0614
5897,57167096,0.0532
5898,78256817,0.0729
5899,78451889,0.0731
5900,72461013,0.0675
5901,82163017,0.0765
5902,51190623,0.0477
5903,62337179,0.0581
5904,70514593,0.0657
5905,45078005,0.0420
5906,36502014,0.0340
5907,34941812,0.0325
5908,43925975,0.0409
5909,49599731,0.0462
5910,30928552,0.0288
5911,84373181,0.0786
5912,146561702,0.1365
5913,94250484,0.0878
5914,86459900,0.0805
5915,92418910,0.0861
5916,78664114,0.0733
5917,72355431,0.0674
5918,55286861,0.0515
5919,100500259,0.0936
5920,106093594,0.0988
5921,101005336,0.0941
5922,147974520,0.1378
5923,151020727,0.1406
5924,151740930,0.1413
5925,96216110,0.0896
5926,110298120,0.1027
5927,170603519,0.1589
5928,179230952,0.1669
5929,144956607,0.1350
5930,173617955,0.1617
5931,154835831,0.1442
5932,124135430,0.1156
5933,70475798,0.0656
5934,65671393,0.0612
5935,66539246,0.0620
5936,120880149,0.1126
5937,156966134,0.1462
5938,196799786,0.1833
5939,174799524,0.1628
5940,158933633,0.1480
5941,77054110,0.0718
5942,68670220,0.0640
5943,85717894,0.0798
5944,88450862,0.0824
5945,86433221,0.0805
5946,91042093,0.0848
5947,57967919,0.0540
5948,66734376,0.0622
5949,73514986,0.0685
5950,74061186,0.0690
5951,129755667,0.1208
5952,152687684,0.1422
5953,160114948,0.1491
5954,126703972,0.1180
5955,168048973,0.1565
5956,194547457,0.1812
5957,97707106,0.0910
5958,179099308,0.1668
5959,105228682,0.0980
5960,92999394,0.0866
5961,142320484,0.1325
5962,127183772,0.1184
5963,150377084,0.1400
5964,130088979,0.1212
5965,164611775,0.1533
5966,169004716,0.1574
5967,136084366,0.1267
5968,114111077,0.1063
5969,141516216,0.1318
5970,143163582,0.1333
5971,120966710,0.1127
5972,139239719,0.1297
5973,155511068,0.1448
5974,180583813,0.1682
5975,168589383,0.1570
5976,180674084,0.1683
5977,163958508,0.1527
5978,150027327,0.1397
5979,143680141,0.1338
5980,122977187,0.1145
5981,116895094,0.1089
5982,150823559,0.1405
5983,175065962,0.1630
5984,160070178,0.1491
5985,115601222,0.1077
5986,84001322,0.0782
5987,109166939,0.1017
5988,50733464,0.0472
5989,59034933,0.0550
5990,94103390,0.0876
5991,89209415,0.0831
5992,162380917,0.1512
5993,159851956,0.1489
5994,170076027,0.1584
5995,81276226,0.0757
5996,70754522,0.0659
5997,43449040,0.0405
5998,95830093,0.0892
5999,81978610,0.0763
6000,45938581,0.0428
6001,45675004,0.0425
6002,41839237,0.0390
6003,93630057,0.0872
6004,59997783,0.0559
6005,92603747,0.0862
6006,109171754,0.1017
6007,116429287,0.1084
6008,146920265,0.1368
6009,74067832,0.0690
6010,73048326,0.0680
6011,93670410,0.0872
6012,104624663,0.0974
6013,141944615,0.1322
6014,135699612,0.1264
6015,123684476,0.1152
6016,90376900,0.0842
6017,67631181,0.0630
6018,44517716,0.0415
6019,121140661,0.1128
6020,93309378,0.0869
6021,60084074,0.0560
6022,30998705,0.0289
6023,72368608,0.0674
6024,87087322,0.0811
6025,89193170,0.0831
6026,37747346,0.0352
6027,44893409,0.0418
6028,91882595,0.0856
6029,66419819,0.0619
6030,132641866,0.1235
6031,59755217,0.0557
6032,106142721,0.0989
6033,62835732,0.0585
6034,58816572,0.0548
6035,91350494,0.0851
6036,102339535,0.0953
6037,59935976,0.0558
6038,83264475,0.0775
6039,81834848,0.0762
6040,56504540,0.0526
6041,110672168,0.1031
6042,75430812,0.0703
6043,85951754,0.0800
6044,103713671,0.0966
6045,84763658,0.0789
6046,79748085,0.0743
6047,83271789,0.0776
6048,67700058,0.0631
6049,64244782,0.0598
6050,64951752,0.0605
6051,75271991,0.0701
6052,123448250,0.1150
6053,109258667,0.1018
6054,104426071,0.0973
6055,86963671,0.0810
6056,97087582,0.0904
6057,99876186,0.0930
6058,99928621,0.0931
6059,87698258,0.0817
6060,83152999,0.0774
6061,84027832,0.0783
6062,97538807,0.0908
6063,80928461,0.0754
6064,63209353,0.0589
6065,78743845,0.0733
6066,76640712,0.0714
6067,80006992,0.0745
6068,85134151,0.0793
6069,74893716,0.0698
6070,73106138,0.0681
6071,78796469,0.0734
6072,78324670,0.0729
6073,67931922,0.0633
6074,88059518,0.0820
6075,84707652,0.0789
6076,71747229,0.0668
6077,56941172,0.0530
6078,64880328,0.0604
6079,65635983,0.0611
6080,90605714,0.0844
6081,78581306,0.0732
6082,80190123,0.0747
6083,88065863,0.0820
6084,78865399,0.0734
6085,62009941,0.0578
6086,86555666,0.0806
6087,94156641,0.0877
6088,84997562,0.0792
6089,75094950,0.0699
6090,70321747,0.0655
6091,65095591,0.0606
6092,71556406,0.0666
6093,67757742,0.0631
6094,70631248,0.0658
6095,80639696,0.0751
6096,59373530,0.0553
6097,69483796,0.0647
6098,58936559,0.0549
6099,61075699,0.0569
6100,71058639,0.0662
6101,79194934,0.0738
6102,54956488,0.0512
6103,51393346,0.0479
6104,53370056,0.0497
6105,54226286,0.0505
6106,48276052,0.0450
6107,54676448,0.0509
6108,45939571,0.0428
6109,49288621,0.0459
6110,45310862,0.0422
6111,48466663,0.0451
6112,53761800,0.0501
6113,89456225,0.0833
6114,79839623,0.0744
6115,78388714,0.0730
6116,84150314,0.0784
6117,78282711,0.0729
6118,70797460,0.0659
6119,83285057,0.0776
6120,73479349,0.0684
6121,84686420,0.0789
6122,79894927,0.0744
6123,94169454,0.0877
6124,83238951,0.0775
6125,81054218,0.0755
6126,94261024,0.0878
6127,85811758,0.0799
6128,85681524,0.0798
6129,93188610,0.0868
6130,86874048,0.0809
6131,85598615,0.0797
6132,113812731,0.1060
6133,129558469,0.1207
6134,114003672,0.1062
6135,107584114,0.1002
6136,82129863,0.0765
6137,83486598,0.0778
6138,85023037,0.0792
6139,82536044,0.0769
6140,88932921,0.0828
6141,85322180,0.0795
6142,104633195,0.0974
6143,89973668,0.0838
6144,89622258,0.0835
6145,94551549,0.0881
6146,94520599,0.0880
6147,96125059,0.0895
6148,96999782,0.0903
6149,95489637,0.0889
6150,101897163,0.0949
6151,104930649,0.0977
6152,110261293,0.1027
6153,95736157,0.0892
6154,96291198,0.0897
6155,99539306,0.0927
6156,96790942,0.0901
6157,96428579,0.0898
6158,98518684,0.0918
6159,102415372,0.0954
6160,101627263,0.0946
6161,100063625,0.0932
6162,100331678,0.0934
6163,99978027,0.0931
6164,108443055,0.1010
6165,100206523,0.0933
6166,95731215,0.0892
6167,100435898,0.0935
6168,106493570,0.0992
6169,104384199,0.0972
6170,95372376,0.0888
6171,95397126,0.0888
6172,94746524,0.0882
6173,98333534,0.0916
6174,109751728,0.1022
6175,84540097,0.0787
6176,87399925,0.0814
6177,108231363,0.1008
6178,105482134,0.0982
6179,103290883,0.0962
6180,105520470,0.0983
6181,102500080,0.0955
6182,105078294,0.0979
6183,107086857,0.0997
6184,108438709,0.1010
6185,108676686,0.1012
6186,109724571,0.1022
6187,108841834,0.1014
6188,102416581,0.0954
6189,116696677,0.1087
6190,144980064,0.1350
6191,105397870,0.0982
6192,99626879,0.0928
6193,91832429,0.0855
6194,98097289,0.0914
6195,120513304,0.1122
6196,121454819,0.1131
6197,136421450,0.1271
6198,130311214,0.1214
6199,138403226,0.1289
6200,59335371,0.0553
6201,170554390,0.1588
6202,171155960,0.1594
6203,173892173,0.1619
6204,89473542,0.0833
6205,86696293,0.0807
6206,122586662,0.1142
6207,115774571,0.1078
6208,125714845,0.1171
6209,119102856,0.1109
6210,77781593,0.0724
6211,21783271,0.0203
6212,118224481,0.1101
6213,117930289,0.1098
6214,89473697,0.0833
6215,80102958,0.0746
6216,121121895,0.1128
6217,127215196,0.1185
6218,116797065,0.1088
6219,103537831,0.0964
6220,114082319,0.1062
6221,111121281,0.1035
6222,95740945,0.0892
6223,103847168,0.0967
6224,126143147,0.1175
6225,70804623,0.0659
6226,64748446,0.0603
6227,121044003,0.1127
6228,133057890,0.1239
6229,100936109,0.0940
6230,99748273,0.0929
6231,118036031,0.1099
6232,85974945,0.0801
6233,97950826,0.0912
6234,116507475,0.1085
6235,111699814,0.1040
6236,103407769,0.0963
6237,101105153,0.0942
6238,92926457,0.0865
6239,119354702,0.1112
6240,113662368,0.1059
6241,105704467,0.0984
6242,102855138,0.0958
6243,80251243,0.0747
6244,72125865,0.0672
6245,84253093,0.0785
6246,95424414,0.0889
6247,83391507,0.0777
6248,154134587,0.1435
6249,140236892,0.1306
6250,148184493,0.1380
6251,80074617,0.0746
6252,107825451,0.1004
6253,64902756,0.0604
6254,70879533,0.0660
6255,101960062,0.0950
6256,118552408,0.1104
6257,125941337,0.1173
6258,158778490,0.1479
6259,127823701,0.1190
6260,124987924,0.1164
6261,94415777,0.0879
6262,100987717,0.0941
6263,102243915,0.0952
6264,132820961,0.1237
6265,147068372,0.1370
6266,139817710,0.1302
6267,143182181,0.1333
6268,146594653,0.1365
6269,132877587,0.1238
6270,110847425,0.1032
6271,109144693,0.1016
6272,93143826,0.0867
6273,132635697,0.1235
6274,115185693,0.1073
6275,121930596,0.1136
6276,83243477,0.0775
6277,55660199,0.0518
6278,55182410,0.0514
6279,69930816,0.0651
6280,99736475,0.0929
6281,100016847,0.0931
6282,95455027,0.0889
6283,94081127,0.0876
6284,125910088,0.1173
6285,112354578,0.1046
6286,119373960,0.1112
6287,139140284,0.1296
6288,34507228,0.0321
6289,42823267,0.0399
6290,42699779,0.0398
6291,134248163,0.1250
6292,119314195,0.1111
6293,121280865,0.1130
6294,123071097,0.1146
6295,153720484,0.1432
6296,137047399,0.1276
6297,134560611,0.1253
6298,126892994,0.1182
6299,105634531,0.0984
6300,137686381,0.1282
6301,86076100,0.0802
6302,108644728,0.1012
6303,129683412,0.1208
6304,140398459,0.1308
6305,136301145,0.1269
6306,126670576,0.1180
6307,102013642,0.0950
6308,132631620,0.1235
6309,122005990,0.1136
6310,124856886,0.1163
6311,111055645,0.1034
6312,116509898,0.1085
6313,103042600,0.0960
6314,99993024,0.0931
6315,101856188,0.0949
6316,124949450,0.1164
6317,137496196,0.1281
6318,171413740,0.1596
6319,250444437,0.2332
6320,161557280,0.1505
6321,125725517,0.1171
6322,137273405,0.1278
6323,113737766,0.1059
6324,135776063,0.1265
6325,126669101,0.1180
6326,127166327,0.1184
6327,136983234,0.1276
6328,103749926,0.0966
6329,135237633,0.1259
6330,93483547,0.0871
6331,66567148,0.0620
6332,82446439,0.0768
6333,104430708,0.0973
6334,118948898,0.1108
6335,101536820,0.0946
6336,135203350,0.1259
6337,118528437,0.1104
6338,132818709,0.1237
6339,90696142,0.0845
6340,123600533,0.1151
6341,69956204,0.0652
6342,64455438,0.0600
6343,105278350,0.0980
6344,64563230,0.0601
6345,47114364,0.0439
6346,92236020,0.0859
6347,73660021,0.0686
6348,77036590,0.0717
6349,109113417,0.1016
6350,105846199,0.0986
6351,124365907,0.1158
6352,83117964,0.0774
6353,60100344,0.0560
6354,83893667,0.0781
6355,84483503,0.0787
6356,84330819,0.0785
6357,54316310,0.0506
6358,49564322,0.0462
6359,89528414,0.0834
6360,115558205,0.1076
6361,110898086,0.1033
6362,108266485,0.1008
6363,83478686,0.0777
6364,133908169,0.1247
6365,97637253,0.0909
6366,94593477,0.0881
6367,107178414,0.0998
6368,120125630,0.1119
6369,122415729,0.1140
6370,78301857,0.0729
6371,68227229,0.0635
6372,84267929,0.0785
6373,136312664,0.1270
6374,113214837,0.1054
6375,128838372,0.1200
6376,128907104,0.1201
6377,101219805,0.0943
6378,107322973,0.1000
6379,102238120,0.0952
6380,102056629,0.0950
6381,116409151,0.1084
6382,64345758,0.0599
6383,88506727,0.0824
6384,116406134,0.1084
6385,126001301,0.1173
6386,81269505,0.0757
6387,130766959,0.1218
6388,115712869,0.1078
6389,112771380,0.1050
6390,93082557,0.0867
6391,79758318,0.0743
6392,62609472,0.0583
6393,66079373,0.0615
6394,88422989,0.0824
6395,109835904,0.1023
6396,53424971,0.0498
6397,65233662,0.0608
6398,150256222,0.1399
6399,106752420,0.0994
6400,103118122,0.0960
6401,110318554,0.1027
6402,111263801,0.1036
6403,62689759,0.0584
6404,73998219,0.0689
6405,77380491,0.0721
6406,93067894,0.0867
6407,96619610,0.0900
6408,108518192,0.1011
6409,83422185,0.0777
6410,107989955,0.1006
6411,141726704,0.1320
6412,94156846,0.0877
6413,136944697,0.1275
6414,73902284,0.0688
6415,108389676,0.1009
6416,88811239,0.0827
6417,75830158,0.0706
6418,107782852,0.1004
6419,115125499,0.1072
6420,63423476,0.0591
6421,98408198,0.0916
6422,124150243,0.1156
6423,122840313,0.1144
6424,124421612,0.1159
6425,125593473,0.1170
6426,85642733,0.0798
6427,101297987,0.0943
6428,52813404,0.0492
6429,62650216,0.0583
6430,81692227,0.0761
6431,83636064,0.0779
6432,128095316,0.1193
6433,83299690,0.0776
6434,118648012,0.1105
6435,89321754,0.0832
6436,87527803,0.0815
6437,97307746,0.0906
6438,68937728,0.0642
6439,52868644,0.0492
6440,83517694,0.0778
6441,61781894,0.0575
6442,35444837,0.0330
6443,35710713,0.0333
6444,45022373,0.0419
6445,43496530,0.0405
6446,55515844,0.0517
6447,47365181,0.0441
6448,63588514,0.0592
6449,67441263,0.0628
6450,63231016,0.0589
6451,35726922,0.0333
6452,46554752,0.0434
6453,103111568,0.0960
6454,61349763,0.0571
6455,77996371,0.0726
6456,63423800,0.0591
6457,69215969,0.0645
6458,70098412,0.0653
6459,115530588,0.1076
6460,48786778,0.0454
6461,34086520,0.0317
6462,42003424,0.0391
6463,27870527,0.0260
6464,63414681,0.0591
6465,103415955,0.0963
6466,99747737,0.0929
6467,80041374,0.0745
6468,78627040,0.0732
6469,39246326,0.0366
6470,44972391,0.0419
6471,85221668,0.0794
6472,191581990,0.1784
6473,111215413,0.1036
6474,92441966,0.0861
6475,104297199,0.0971
6476,84881094,0.0791
6477,54659270,0.0509
6478,81810543,0.0762
6479,55043515,0.0513
6480,63518018,0.0592
6481,89332070,0.0832
6482,59644378,0.0555
6483,46403050,0.0432
6484,74084653,0.0690
6485,104894760,0.0977
6486,106346606,0.0990
6487,90869458,0.0846
6488,111341583,0.1037
6489,117894577,0.1098
6490,73252965,0.0682
6491,65535085,0.0610
6492,62219231,0.0579
6493,77436947,0.0721
6494,74447680,0.0693
6495,95235298,0.0887
6496,84170722,0.0784
6497,102511341,0.0955
6498,108628704,0.1012
6499,73664789,0.0686
6500,83584200,0.0778
6501,31278550,0.0291
6502,35818995,0.0334
6503,54152419,0.0504
6504,98266357,0.0915
6505,75792196,0.0706
6506,91988429,0.0857
6507,84627025,0.0788
6508,205052424,0.1910
6509,249600489,0.2325
6510,124187557,0.1157
6511,192309506,0.1791
6512,42950777,0.0400
6513,37809962,0.0352
6514,48923695,0.0456
6515,112014709,0.1043
6516,63072683,0.0587
6517,67604411,0.0630
6518,1117775943,1.0410
6519,882613035,0.8220
6520,830060067,0.7731
6521,794458196,0.7399
6522,566994215,0.5281
6523,795402256,0.7408
6524,700898962,0.6528
6525,653690123,0.6088
6526,658769169,0.6135
6527,510735227,0.4757
6528,582293640,0.5423
6529,541042026,0.5039
6530,528475367,0.4922
6531,443467195,0.4130
6532,428906400,0.3995
6533,531169151,0.4947
6534,442184009,0.4118
6535,390257914,0.3635
6536,439402267,0.4092
6537,428389290,0.3990
6538,408663504,0.3806
6539,290905762,0.2709
6540,369450343,0.3441
6541,396986382,0.3697
6542,339578219,0.3163
6543,303141733,0.2823
6544,314513542,0.2929
6545,344529884,0.3209
6546,351415448,0.3273
6547,356643244,0.3321
6548,389579702,0.3628
6549,306413064,0.2854
6550,296117743,0.2758
6551,325094298,0.3028
6552,334268560,0.3113
6553,404203529,0.3764
6554,403723123,0.3760
6555,367857455,0.3426
6556,341922903,0.3184
6557,356624637,0.3321
6558,324629574,0.3023
6559,284588582,0.2650
6560,333027391,0.3102
6561,311418594,0.2900
6562,266298415,0.2480
6563,272091182,0.2534
6564,329737961,0.3071
6565,325479508,0.3031
6566,305586243,0.2846
6567,299591228,0.2790
6568,301563222,0.2809
6569,143465500,0.1336
6570,279374675,0.2602
6571,315247946,0.2936
6572,286342963,0.2667
6573,312363631,0.2909
6574,279253571,0.2601
6575,263802292,0.2457
6576,314210894,0.2926
6577,310295197,0.2890
6578,264317522,0.2462
6579,340225765,0.3169
6580,287258699,0.2675
6581,258203124,0.2405
6582,204140306,0.1901
6583,268758565,0.2503
6584,281845158,0.2625
6585,331326231,0.3086
6586,297812764,0.2774
6587,241633308,0.2250
6588,234098732,0.2180
6589,262432280,0.2444
6590,235305602,0.2191
6591,172051439,0.1602
6592,309907745,0.2886
6593,260422266,0.2425
6594,200541270,0.1868
6595,206781049,0.1926
6596,258660691,0.2409
6597,209418993,0.1950
6598,299194210,0.2786
6599,262331592,0.2443
6600,246326330,0.2294
6601,222568872,0.2073
6602,230121000,0.2143
6603,250349779,0.2332
6604,194134149,0.1808
6605,275949601,0.2570
6606,198418005,0.1848
6607,68654561,0.0639
6608,86206439,0.0803
6609,86799837,0.0808
6610,49867274,0.0464
6611,56254011,0.0524
6612,40843789,0.0380
6613,42814683,0.0399
6614,54656021,0.0509
6615,48107476,0.0448
6616,111692996,0.1040
6617,124383048,0.1158
6618,105408241,0.0982
6619,152900675,0.1424
6620,87151155,0.0812
6621,44982237,0.0419
6622,66719604,0.0621
6623,32487258,0.0303
6624,29577352,0.0275
6625,31188707,0.0290
6626,138971569,0.1294
6627,156367831,0.1456
6628,133056749,0.1239
6629,121622887,0.1133
6630,124522347,0.1160
6631,126428315,0.1177
6632,190284488,0.1772
6633,197270640,0.1837
6634,172848531,0.1610
6635,145472091,0.1355
6636,189648687,0.1766
6637,194119698,0.1808
6638,195046423,0.1817
6639,204603500,0.1906
6640,223429746,0.2081
6641,200966655,0.1872
6642,194162006,0.1808
6643,280885996,0.2616
6644,210215255,0.1958
6645,198492299,0.1849
6646,157992937,0.1471
6647,149672074,0.1394
6648,90954501,0.0847
6649,122613430,0.1142
6650,154069227,0.1435
6651,90349188,0.0841
6652,108771930,0.1013
6653,87739678,0.0817
6654,54255625,0.0505
6655,115873364,0.1079
6656,128644469,0.1198
6657,113487011,0.1057
6658,61855411,0.0576
6659,70412841,0.0656
6660,84119436,0.0783
6661,72713925,0.0677
6662,87346940,0.0813
6663,80492468,0.0750
6664,70493920,0.0657
6665,62230769,0.0580
6666,63847716,0.0595
6667,73885381,0.0688
6668,87075117,0.0811
6669,120690381,0.1124
6670,105172285,0.0979
6671,67702009,0.0631
6672,124338301,0.1158
6673,57564524,0.0536
6674,200787437,0.1870
6675,200563323,0.1868
6676,125161322,0.1166
6677,188308220,0.1754
6678,193263229,0.1800
6679,121408856,0.1131
6680,141515451,0.1318
6681,151896308,0.1415
6682,172357345,0.1605
6683,249586455,0.2324
6684,206591522,0.1924
6685,258843380,0.2411
6686,187832022,0.1749
6687,145611577,0.1356
6688,183130072,0.1706
6689,214281035,0.1996
6690,150332715,0.1400
6691,174331626,0.1624
6692,196193960,0.1827
6693,183618067,0.1710
6694,150251121,0.1399
6695,150247438,0.1399
6696,200969066,0.1872
6697,192130025,0.1789
6698,159521602,0.1486
6699,112839686,0.1051
6700,91047121,0.0848
6701,82599789,0.0769
6702,197049928,0.1835
6703,157603204,0.1468
6704,172135072,0.1603
6705,142893166,0.1331
6706,158536512,0.1476
6707,150218332,0.1399
6708,204973095,0.1909
6709,159519191,0.1486
6710,103504490,0.0964
6711,106168405,0.0989
6712,73198320,0.0682
6713,68687163,0.0640
6714,94075257,0.0876
6715,123831129,0.1153
6716,109949820,0.1024
6717,55507049,0.0517
6718,119753334,0.1115
6719,168685795,0.1571
6720,125413480,0.1168
6721,224637828,0.2092
6722,205055681,0.1910
6723,163374537,0.1522
6724,113613646,0.1058
6725,84111148,0.0783
6726,37928045,0.0353
6727,115019581,0.1071
6728,146408296,0.1364
6729,150274168,0.1400
6730,154610277,0.1440
6731,156419949,0.1457
6732,133049612,0.1239
6733,197749880,0.1842
6734,187895453,0.1750
6735,112557165,0.1048
6736,94567570,0.0881
6737,140010784,0.1304
6738,188665925,0.1757
6739,169088770,0.1575
6740,123420249,0.1149
6741,111405436,0.1038
6742,91612331,0.0853
6743,165942329,0.1545
6744,124895897,0.1163
6745,62028253,0.0578
6746,109151535,0.1017
6747,89423473,0.0833
6748,76597239,0.0713
6749,81205911,0.0756
6750,100161421,0.0933
6751,54431916,0.0507
6752,38674230,0.0360
6753,136397365,0.1270
6754,131505838,0.1225
6755,50133080,0.0467
6756,44935656,0.0418
6757,56127371,0.0523
6758,40686696,0.0379
6759,107666892,0.1003
6760,115069911,0.1072
6761,126034685,0.1174
6762,101790287,0.0948
6763,135566786,0.1263
6764,152570560,0.1421
6765,140522972,0.1309
6766,106750432,0.0994
6767,129808088,0.1209
6768,129789349,0.1209
6769,103279439,0.0962
6770,77451199,0.0721
6771,100352606,0.0935
6772,56699946,0.0528
6773,122579941,0.1142
6774,97419993,0.0907
6775,70094549,0.0653
6776,78782004,0.0734
6777,86020273,0.0801
6778,88524077,0.0824
6779,115567612,0.1076
6780,41321908,0.0385
6781,42200141,0.0393
6782,35240082,0.0328
6783,54783938,0.0510
6784,37475241,0.0349
6785,35588061,0.0331
6786,140886352,0.1312
6787,74882572,0.0697
6788,88290247,0.0822
6789,79750295,0.0743
6790,67767258,0.0631
6791,111361790,0.1037
6792,127436571,0.1187
6793,122155013,0.1138
6794,186140655,0.1734
6795,142092680,0.1323
6796,133423772,0.1243
6797,159581161,0.1486
6798,152665832,0.1422
6799,118323197,0.1102
6800,118380157,0.1103
6801,205168570,0.1911
6802,200050286,0.1863
6803,157354941,0.1465
6804,135834883,0.1265
6805,179223569,0.1669
6806,170645773,0.1589
6807,126128459,0.1175
6808,109872381,0.1023
6809,60648895,0.0565
6810,74526009,0.0694
6811,74765586,0.0696
6812,107816234,0.1004
6813,99529285,0.0927
6814,115936419,0.1080
6815,92286658,0.0859
6816,101277455,0.0943
6817,138558261,0.1290
6818,105389337,0.0982
6819,160547748,0.1495
6820,109966109,0.1024
6821,128600250,0.1198
6822,133345629,0.1242
6823,110216842,0.1026
6824,96534811,0.0899
6825,83952868,0.0782
6826,92746681,0.0864
6827,63975159,0.0596
6828,55425673,0.0516
6829,78459150,0.0731
6830,79675557,0.0742
6831,70290517,0.0655
6832,84702467,0.0789
6833,52065297,0.0485
6834,59386054,0.0553
6835,71087472,0.0662
6836,47585082,0.0443
6837,37724971,0.0351
6838,36447578,0.0339
6839,43052584,0.0401
6840,46021253,0.0429
6841,35878538,0.0334
6842,75231187,0.0701
6843,146180172,0.1361
6844,97415585,0.0907
6845,88131881,0.0821
6846,89756386,0.0836
6847,80622306,0.0751
6848,70027135,0.0652
6849,62856518,0.0585
6850,91583474,0.0853
6851,102232814,0.0952
6852,93859084,0.0874
6853,145976168,0.1360
6854,143618173,0.1338
6855,160182963,0.1492
6856,105791089,0.0985
6857,89028626,0.0829
6858,173675808,0.1617
6859,187263470,0.1744
6860,149128703,0.1389
6861,172364518,0.1605
6862,158417861,0.1475
6863,127375375,0.1186
6864,72815074,0.0678
6865,64810075,0.0604
6866,65771263,0.0613
6867,113212221,0.1054
6868,150069386,0.1398
6869,196447025,0.1830
6870,177716900,0.1655
6871,162052688,0.1509
6872,86384351,0.0805
6873,68669939,0.0640
6874,86188430,0.0803
6875,87468393,0.0815
6876,89945312,0.0838
6877,95078839,0.0885
6878,59533165,0.0554
6879,65137979,0.0607
6880,73850175,0.0688
6881,79446432,0.0740
6882,115042142,0.1071
6883,137368443,0.1279
6884,182911808,0.1703
6885,120307957,0.1120
6886,154750335,0.1441
6887,212153848,0.1976
6888,103490460,0.0964
6889,154478462,0.1439
6890,114773696,0.1069
6891,89578783,0.0834
6892,158496908,0.1476
6893,129988353,0.1211
6894,127011422,0.1183
6895,132296173,0.1232
6896,182667329,0.1701
6897,151383740,0.1410
6898,135777071,0.1265
6899,128513294,0.1197
6900,131878281,0.1228
6901,142785270,0.1330
6902,115629896,0.1077
6903,138729966,0.1292
6904,148989638,0.1388
6905,177831205,0.1656
6906,158915012,0.1480
6907,183877624,0.1712
6908,166638933,0.1552
6909,160813714,0.1498
6910,146428849,0.1364
6911,132543718,0.1234
6912,100939813,0.0940
6913,156283933,0.1456
6914,168265656,0.1567
6915,175730569,0.1637
6916,116981368,0.1089
6917,75426945,0.0702
6918,114289755,0.1064
6919,53931401,0.0502
6920,60644176,0.0565
6921,90649934,0.0844
6922,77422792,0.0721
6923,155836213,0.1451
6924,165082398,0.1537
6925,171907070,0.1601
6926,90889255,0.0846
6927,74457340,0.0693
6928,38178696,0.0356
6929,90431575,0.0842
6930,83121443,0.0774
6931,50370561,0.0469
6932,45947282,0.0428
6933,44276380,0.0412
6934,92515654,0.0862
6935,63990189,0.0596
6936,92009330,0.0857
6937,103120955,0.0960
6938,125176074,0.1166
6939,141458989,0.1317
6940,75236246,0.0701
6941,75745282,0.0705
6942,94034709,0.0876
6943,106993324,0.0996
6944,142283108,0.1325
6945,133471703,0.1243
6946,120513059,0.1122
6947,88050740,0.0820
6948,68751616,0.0640
6949,46442448,0.0433
6950,127601801,0.1188
6951,86635978,0.0807
6952,53837116,0.0501
6953,31488282,0.0293
6954,74556162,0.0694
6955,89837372,0.0837
6956,86128347,0.0802
6957,37196180,0.0346
6958,44813697,0.0417
6959,91792111,0.0855
6960,74183241,0.0691
6961,131041526,0.1220
6962,60822483,0.0566
6963,99157104,0.0923
6964,60529336,0.0564
6965,64219594,0.0598
6966,97870057,0.0911
6967,90942636,0.0847
6968,61095055,0.0569
6969,84776338,0.0790
6970,80740604,0.0752
6971,64954154,0.0605
6972,104863933,0.0977
6973,91595375,0.0853
6974,71983781,0.0670
6975,104814957,0.0976
6976,83914894,0.0782
6977,78756132,0.0733
6978,80699690,0.0752
6979,67473505,0.0628
6980,66867449,0.0623
6981,63997730,0.0596
6982,83158202,0.0774
6983,121239589,0.1129
6984,108432777,0.1010
6985,102873521,0.0958
6986,87713834,0.0817
6987,98004879,0.0913
6988,99901894,0.0930
6989,99093531,0.0923
6990,87330752,0.0813
6991,81719909,0.0761
6992,84590555,0.0788
6993,101225030,0.0943
6994,79743708,0.0743
6995,66525188,0.0620
6996,76934346,0.0717
6997,77276211,0.0720
6998,78044464,0.0727
6999,88248972,0.0822
7000,72763557,0.0678
7001,76347594,0.0711
7002,75872678,0.0707
7003,77981404,0.0726
7004,70035127,0.0652
7005,85829805,0.0799
7006,80846637,0.0753
7007,72798754,0.0678
7008,59295772,0.0552
7009,60989647,0.0568
7010,72821459,0.0678
7011,88745428,0.0827
7012,76475639,0.0712
7013,75746978,0.0705
7014,96821659,0.0902
7015,69827990,0.0650
7016,65763913,0.0612
7017,91836335,0.0855
7018,85687024,0.0798
7019,90084732,0.0839
7020,71619773,0.0667
7021,72934912,0.0679
7022,65446303,0.0610
7023,71765598,0.0668
7024,64362010,0.0599
7025,71645063,0.0667
7026,86063970,0.0802
7027,58046239,0.0541
7028,67851049,0.0632
7029,56361599,0.0525
7030,61980201,0.0577
7031,71854472,0.0669
7032,75263221,0.0701
7033,57167981,0.0532
7034,51268227,0.0477
7035,53040770,0.0494
7036,54946597,0.0512
7037,49600443,0.0462
7038,53091762,0.0494
7039,47196734,0.0440
7040,49706909,0.0463
7041,44033735,0.0410
7042,48092225,0.0448
7043,55054704,0.0513
7044,92127750,0.0858
7045,78892454,0.0735
7046,81937575,0.0763
7047,76163528,0.0709
7048,79233137,0.0738
7049,73413498,0.0684
7050,81945696,0.0763
7051,71895857,0.0670
7052,82382462,0.0767
7053,78348126,0.0730
7054,92068205,0.0857
7055,84997912,0.0792
7056,85344515,0.0795
7057,91041541,0.0848
7058,90654915,0.0844
7059,85248458,0.0794
7060,93184578,0.0868
7061,86215495,0.0803
7062,83367904,0.0776
7063,115906043,0.1079
7064,129471178,0.1206
7065,113388160,0.1056
7066,107085267,0.0997
7067,79111602,0.0737
7068,86287368,0.0804
7069,82579503,0.0769
7070,81028682,0.0755
7071,87728539,0.0817
7072,90716750,0.0845
7073,101667368,0.0947
7074,90495272,0.0843
7075,90477980,0.0843
7076,94914893,0.0884
7077,97989216,0.0913
7078,95338152,0.0888
7079,96868719,0.0902
7080,96314244,0.0897
7081,102022236,0.0950
7082,105159595,0.0979
7083,109627099,0.1021
7084,94361952,0.0879
7085,98651904,0.0919
7086,97226064,0.0905
7087,95905650,0.0893
7088,98276339,0.0915
7089,97131280,0.0905
7090,102282329,0.0953
7091,96604410,0.0900
7092,104520159,0.0973
7093,98294890,0.0915
7094,99603117,0.0928
7095,106469787,0.0992
7096,101313038,0.0944
7097,96638595,0.0900
7098,102814872,0.0958
7099,105736820,0.0985
7100,103634490,0.0965
7101,97036450,0.0904
7102,93174643,0.0868
7103,94280987,0.0878
7104,100861388,0.0939
7105,114534366,0.1067
7106,69762642,0.0650
7107,97903231,0.0912
7108,107885897,0.1005
7109,105979263,0.0987
7110,104299922,0.0971
7111,104750207,0.0976
7112,105822557,0.0986
7113,105581862,0.0983
7114,110198969,0.1026
7115,111009584,0.1034
7116,109589502,0.1021
7117,112158801,0.1045
7118,109767990,0.1022
7119,105697515,0.0984
7120,111916040,0.1042
7121,143598525,0.1337
7122,111163175,0.1035
7123,92963698,0.0866
7124,89455809,0.0833
7125,99758658,0.0929
7126,123752536,0.1153
7127,128289532,0.1195
7128,132521067,0.1234
7129,144500736,0.1346
7130,111560171,0.1039
7131,75283028,0.0701
7132,190901171,0.1778
7133,178091915,0.1659
7134,146865359,0.1368
7135,86004610,0.0801
7136,85124157,0.0793
7137,137820705,0.1284
7138,116423878,0.1084
7139,136383854,0.1270
7140,109796954,0.1023
7141,61851411,0.0576
7142,21066146,0.0196
7143,138360198,0.1289
7144,113318708,0.1055
7145,86987087,0.0810
7146,81427663,0.0758
7147,130849227,0.1219
7148,132204711,0.1231
7149,106563678,0.0992
7150,87632659,0.0816
7151,118217515,0.1101
7152,105949397,0.0987
7153,102023154,0.0950
7154,106942312,0.0996
7155,135898867,0.1266
7156,43647742,0.0407
7157,81920204,0.0763
7158,130098921,0.1212
7159,118314236,0.1102
7160,104114850,0.0970
7161,102130304,0.0951
7162,114917194,0.1070
7163,85137949,0.0793
7164,103864201,0.0967
7165,124871676,0.1163
7166,109572510,0.1020
7167,101401278,0.0944
7168,107579890,0.1002
7169,104715770,0.0975
7170,116929194,0.1089
7171,114913317,0.1070
7172,102934065,0.0959
7173,104437730,0.0973
7174,71704871,0.0668
7175,70392712,0.0656
7176,88314868,0.0822
7177,83190805,0.0775
7178,117406245,0.1093
7179,139010391,0.1295
7180,146689229,0.1366
7181,134979358,0.1257
7182,65531324,0.0610
7183,107939432,0.1005
7184,64018008,0.0596
7185,73843603,0.0688
7186,110531525,0.1029
7187,116726649,0.1087
7188,142148115,0.1324
7189,160116599,0.1491
7190,107096340,0.0997
7191,124073884,0.1156
7192,94268901,0.0878
7193,95016914,0.0885
7194,102938502,0.0959
7195,140134826,0.1305
7196,141219564,0.1315
7197,151148129,0.1408
7198,137558883,0.1281
7199,152427821,0.1420
7200,129864695,0.1209
7201,109754725,0.1022
7202,94612709,0.0881
7203,112195464,0.1045
7204,129403536,0.1205
7205,113886660,0.1061
7206,111279675,0.1036
7207,72281712,0.0673
7208,52545004,0.0489
7209,53642706,0.0500
7210,76775969,0.0715
7211,112091340,0.1044
7212,80617207,0.0751
7213,101999680,0.0950
7214,111612638,0.1039
7215,123583586,0.1151
7216,106075108,0.0988
7217,121634811,0.1133
7218,114607012,0.1067
7219,42020839,0.0391
7220,37468834,0.0349
7221,68292238,0.0636
7222,140989686,0.1313
7223,121875021,0.1135
7224,115310851,0.1074
7225,120389623,0.1121
7226,164729521,0.1534
7227,131667272,0.1226
7228,135487401,0.1262
7229,116067617,0.1081
7230,123549157,0.1151
7231,108179024,0.1007
7232,96037296,0.0894
7233,118138084,0.1100
7234,137571404,0.1281
7235,143692431,0.1338
7236,123104990,0.1147
7237,125560470,0.1169
7238,105348925,0.0981
7239,124910676,0.1163
7240,117373672,0.1093
7241,118420281,0.1103
7242,132805780,0.1237
7243,116564914,0.1086
7244,95347134,0.0888
7245,95927238,0.0893
7246,121557089,0.1132
7247,129389730,0.1205
7248,147589336,0.1375
7249,182347734,0.1698
7250,259193645,0.2414
7251,123253847,0.1148
7252,143745007,0.1339
7253,113081150,0.1053
7254,133329985,0.1242
7255,125374115,0.1168
7256,129733949,0.1208
7257,126343883,0.1177
7258,136696241,0.1273
7259,113633915,0.1058
7260,114887547,0.1070
7261,83065123,0.0774
7262,71657526,0.0667
7263,100024146,0.0932
7264,101851508,0.0949
7265,98347742,0.0916
7266,119305446,0.1111
7267,130885999,0.1219
7268,128138761,0.1193
7269,116535996,0.1085
7270,110586069,0.1030
7271,85856991,0.0800
7272,60008284,0.0559
7273,95830435,0.0892
7274,90648951,0.0844
7275,47882317,0.0446
7276,72805614,0.0678
7277,78770944,0.0734
7278,71675290,0.0668
7279,86452803,0.0805
7280,117590083,0.1095
7281,114009812,0.1062
7282,107094256,0.0997
7283,65177571,0.0607
7284,78417766,0.0730
7285,79936244,0.0744
7286,86602174,0.0807
7287,66213661,0.0617
7288,52667787,0.0491
7289,60829427,0.0567
7290,107042424,0.0997
7291,107779440,0.1004
7292,112343808,0.1046
7293,99506349,0.0927
7294,95923949,0.0893
7295,138579219,0.1291
7296,85395577,0.0795
7297,98162068,0.0914
7298,113190799,0.1054
7299,123545350,0.1151
7300,108410409,0.1010
7301,72242985,0.0673
7302,66563368,0.0620
7303,100125299,0.0932
7304,139413146,0.1298
7305,112538981,0.1048
7306,137136355,0.1277
7307,120537036,0.1123
7308,100837642,0.0939
7309,107461350,0.1001
7310,96180901,0.0896
7311,123117039,0.1147
7312,94113946,0.0877
7313,67761302,0.0631
7314,82199341,0.0766
7315,129496639,0.1206
7316,111568786,0.1039
7317,102196117,0.0952
7318,122891925,0.1145
7319,104890909,0.0977
7320,120662069,0.1124
7321,75619965,0.0704
7322,88054817,0.0820
7323,60583419,0.0564
7324,78860101,0.0734
7325,82628456,0.0770
7326,101377361,0.0944
7327,57421494,0.0535
7328,83241371,0.0775
7329,140124301,0.1305
7330,95960536,0.0894
7331,127406852,0.1187
7332,103948057,0.0968
7333,108888697,0.1014
7334,62238384,0.0580
7335,61623590,0.0574
7336,91737539,0.0854
7337,84765602,0.0789
7338,90973673,0.0847
7339,128571012,0.1197
7340,77969940,0.0726
7341,115086448,0.1072
7342,137340611,0.1279
7343,89970177,0.0838
7344,128470286,0.1196
7345,75544028,0.0704
7346,103789280,0.0967
7347,101322699,0.0944
7348,70632345,0.0658
7349,114949778,0.1071
7350,107813161,0.1004
7351,57828296,0.0539
7352,109751551,0.1022
7353,123504388,0.1150
7354,123702740,0.1152
7355,116148469,0.1082
7356,132615463,0.1235
7357,87325210,0.0813
7358,94333573,0.0879
7359,55564966,0.0517
7360,67596775,0.0630
7361,77004466,0.0717
7362,90802757,0.0846
7363,135514877,0.1262
7364,78661413,0.0733
7365,112350895,0.1046
7366,88497404,0.0824
7367,91312951,0.0850
7368,98903750,0.0921
7369,55387391,0.0516
7370,49688698,0.0463
7371,98502611,0.0917
7372,45057325,0.0420
7373,34998623,0.0326
7374,37944212,0.0353
7375,40768799,0.0380
7376,49361778,0.0460
7377,51521743,0.0480
7378,58240809,0.0542
7379,53734936,0.0500
7380,71135972,0.0663
7381,55686458,0.0519
7382,36924361,0.0344
7383,70195959,0.0654
7384,84411100,0.0786
7385,62251125,0.0580
7386,74335465,0.0692
7387,64073687,0.0597
7388,73029290,0.0680
7389,66339906,0.0618
7390,129135985,0.1203
7391,30980564,0.0289
7392,40251342,0.0375
7393,35219350,0.0328
7394,26249565,0.0244
7395,73164876,0.0681
7396,110304258,0.1027
7397,103123697,0.0960
7398,71472468,0.0666
7399,71251896,0.0664
7400,42973058,0.0400
7401,47047481,0.0438
7402,119127735,0.1109
7403,172423156,0.1606
7404,111723198,0.1041
7405,92601075,0.0862
7406,107088501,0.0997
7407,70191214,0.0654
7408,61797960,0.0576
7409,75902993,0.0707
7410,50008136,0.0466
7411,79601700,0.0741
7412,79362480,0.0739
7413,54930995,0.0512
7414,52205282,0.0486
7415,82181640,0.0765
7416,109897120,0.1023
7417,105402238,0.0982
7418,83872250,0.0781
7419,130134274,0.1212
7420,99190220,0.0924
7421,72672807,0.0677
7422,65012509,0.0605
7423,70517761,0.0657
7424,78119800,0.0728
7425,78947059,0.0735
7426,90910950,0.0847
7427,85621721,0.0797
7428,106758152,0.0994
7429,103122726,0.0960
7430,81223876,0.0756
7431,69385451,0.0646
7432,34029795,0.0317
7433,33066286,0.0308
7434,69685099,0.0649
7435,96988436,0.0903
7436,82324303,0.0767
7437,79614157,0.0741
7438,90989814,0.0847
7439,239435343,0.2230
7440,226333949,0.2108
7441,172771736,0.1609
7442,131422350,0.1224
7443,40193773,0.0374
7444,34992965,0.0326
7445,58108755,0.0541
7446,99548804,0.0927
7447,79134529,0.0737
7448,45850214,0.0427
